businessDate,openPrice,highPrice,lowPrice,previousDayClosePrice,fiftyTwoWeekHigh,lastTradedPrice,totalTradedQuantity,closePrice,EMA,MACD,Signal,Stable_Section
2024-02-08,8.41,8.59,8.41,8.42,9.7,8.59,1700,8.59,8.446153846153846,0.0135612535612548,0.0027122507122509,1
2024-02-11,8.45,8.45,8.45,8.59,9.7,8.45,1400,8.45,8.446745562130177,0.0128635319518508,0.0047425069601709,1
2024-02-12,8.3,8.45,8.3,8.45,9.7,8.45,4400,8.45,8.44724624487938,0.0121702910105589,0.0062280637702485,1
2024-02-13,8.3,8.46,8.3,8.45,9.7,8.46,5200,8.46,8.449208361051785,0.012286181543617,0.0074396873249222,1
2024-02-14,8.33,8.79,8.33,8.46,9.7,8.67,4380,8.67,8.483176305505356,0.0289891022570536,0.0117495703113485,1
2024-02-15,8.84,8.84,8.41,8.67,9.7,8.47,56500,8.47,8.481149181581456,0.0257906600552502,0.0145577882601288,1
2024-02-18,8.31,8.8,8.31,8.47,9.7,8.8,3200,8.8,8.530203153645846,0.0493156337141744,0.0215093573509379,1
2024-02-20,8.63,8.79,8.47,8.8,9.7,8.79,91435,8.79,8.570171899238794,0.0663871585613193,0.0304849175930142,1
2024-02-21,8.62,8.77,8.45,8.79,9.7,8.77,10500,8.77,8.600914683971286,0.077410294455106,0.0398699929654326,1
2024-02-22,8.77,8.77,8.77,8.77,9.7,8.77,0,8.77,8.626927809514164,0.0851644858880718,0.0489288915499604,1
2024-02-25,8.6,8.6,8.6,8.77,9.7,8.6,2000,8.6,8.62278506958891,0.076707918083267,0.0544846968566217,1
2024-02-26,8.44,8.48,8.29,8.6,9.7,8.29,2750,8.29,8.571587366575232,0.0444788929588959,0.0524835360770766,1
2024-02-27,8.29,8.3,8.15,8.29,9.7,8.15,4400,8.15,8.506727771717504,0.0075532591097857,0.0434974806836184,1
2024-02-28,8.01,8.3,8.01,8.15,9.7,8.3,6100,8.3,8.47492349914558,-0.0094973458615665,0.0328985153745814,1
2024-02-29,8.15,8.46,8.15,8.3,9.7,8.46,4000,8.46,8.472627576200107,-0.0099843173250278,0.0243219488346596,1
2024-03-03,8.3,8.3,8.03,8.46,9.7,8.03,1110,8.03,8.404531026015475,-0.0445540605818717,0.0105467469513533,1
2024-03-04,8.03,8.03,8.03,8.03,9.7,8.03,0,8.03,8.34691086816694,-0.0711308786824549,-0.0057887781754083,1
2024-03-05,8.11,8.66,8.11,8.03,9.7,8.66,2440,8.66,8.395078426910489,-0.0408861535056175,-0.0128082532414501,1
2024-03-06,8.49,8.49,8.17,8.66,9.7,8.18,1200,8.18,8.36198943815503,-0.0550148029709944,-0.021249563187359,1
2024-03-07,8.04,8.2,8.03,8.18,9.7,8.2,4400,8.2,8.337067986131178,-0.0638618667632897,-0.0297720239025451,1
2024-02-12,8.3,8.45,8.3,8.45,9.7,8.45,4400,8.45,8.44724624487938,0.0121702910105589,0.0062280637702485,2
2024-02-13,8.3,8.46,8.3,8.45,9.7,8.46,5200,8.46,8.449208361051785,0.012286181543617,0.0074396873249222,2
2024-02-14,8.33,8.79,8.33,8.46,9.7,8.67,4380,8.67,8.483176305505356,0.0289891022570536,0.0117495703113485,2
2024-02-15,8.84,8.84,8.41,8.67,9.7,8.47,56500,8.47,8.481149181581456,0.0257906600552502,0.0145577882601288,2
2024-02-18,8.31,8.8,8.31,8.47,9.7,8.8,3200,8.8,8.530203153645846,0.0493156337141744,0.0215093573509379,2
2024-02-20,8.63,8.79,8.47,8.8,9.7,8.79,91435,8.79,8.570171899238794,0.0663871585613193,0.0304849175930142,2
2024-02-21,8.62,8.77,8.45,8.79,9.7,8.77,10500,8.77,8.600914683971286,0.077410294455106,0.0398699929654326,2
2024-02-22,8.77,8.77,8.77,8.77,9.7,8.77,0,8.77,8.626927809514164,0.0851644858880718,0.0489288915499604,2
2024-02-25,8.6,8.6,8.6,8.77,9.7,8.6,2000,8.6,8.62278506958891,0.076707918083267,0.0544846968566217,2
2024-02-26,8.44,8.48,8.29,8.6,9.7,8.29,2750,8.29,8.571587366575232,0.0444788929588959,0.0524835360770766,2
2024-02-27,8.29,8.3,8.15,8.29,9.7,8.15,4400,8.15,8.506727771717504,0.0075532591097857,0.0434974806836184,2
2024-02-28,8.01,8.3,8.01,8.15,9.7,8.3,6100,8.3,8.47492349914558,-0.0094973458615665,0.0328985153745814,2
2024-02-29,8.15,8.46,8.15,8.3,9.7,8.46,4000,8.46,8.472627576200107,-0.0099843173250278,0.0243219488346596,2
2024-03-03,8.3,8.3,8.03,8.46,9.7,8.03,1110,8.03,8.404531026015475,-0.0445540605818717,0.0105467469513533,2
2024-03-04,8.03,8.03,8.03,8.03,9.7,8.03,0,8.03,8.34691086816694,-0.0711308786824549,-0.0057887781754083,2
2024-03-05,8.11,8.66,8.11,8.03,9.7,8.66,2440,8.66,8.395078426910489,-0.0408861535056175,-0.0128082532414501,2
2024-03-06,8.49,8.49,8.17,8.66,9.7,8.18,1200,8.18,8.36198943815503,-0.0550148029709944,-0.021249563187359,2
2024-03-07,8.04,8.2,8.03,8.18,9.7,8.2,4400,8.2,8.337067986131178,-0.0638618667632897,-0.0297720239025451,2
2024-03-10,8.05,8.4,8.05,8.2,9.7,8.3,2360,8.3,8.331365219034074,-0.0620883484608025,-0.0362352888141966,2
2024-03-12,8.14,8.6,8.01,8.3,9.7,8.55,7900,8.55,8.365001339182678,-0.0400482603496161,-0.0369978831212805,2
2024-02-22,8.77,8.77,8.77,8.77,9.7,8.77,0,8.77,8.626927809514164,0.0851644858880718,0.0489288915499604,3
2024-02-25,8.6,8.6,8.6,8.77,9.7,8.6,2000,8.6,8.62278506958891,0.076707918083267,0.0544846968566217,3
2024-02-26,8.44,8.48,8.29,8.6,9.7,8.29,2750,8.29,8.571587366575232,0.0444788929588959,0.0524835360770766,3
2024-02-27,8.29,8.3,8.15,8.29,9.7,8.15,4400,8.15,8.506727771717504,0.0075532591097857,0.0434974806836184,3
2024-02-28,8.01,8.3,8.01,8.15,9.7,8.3,6100,8.3,8.47492349914558,-0.0094973458615665,0.0328985153745814,3
2024-02-29,8.15,8.46,8.15,8.3,9.7,8.46,4000,8.46,8.472627576200107,-0.0099843173250278,0.0243219488346596,3
2024-03-03,8.3,8.3,8.03,8.46,9.7,8.03,1110,8.03,8.404531026015475,-0.0445540605818717,0.0105467469513533,3
2024-03-04,8.03,8.03,8.03,8.03,9.7,8.03,0,8.03,8.34691086816694,-0.0711308786824549,-0.0057887781754083,3
2024-03-05,8.11,8.66,8.11,8.03,9.7,8.66,2440,8.66,8.395078426910489,-0.0408861535056175,-0.0128082532414501,3
2024-03-06,8.49,8.49,8.17,8.66,9.7,8.18,1200,8.18,8.36198943815503,-0.0550148029709944,-0.021249563187359,3
2024-03-07,8.04,8.2,8.03,8.18,9.7,8.2,4400,8.2,8.337067986131178,-0.0638618667632897,-0.0297720239025451,3
2024-03-10,8.05,8.4,8.05,8.2,9.7,8.3,2360,8.3,8.331365219034074,-0.0620883484608025,-0.0362352888141966,3
2024-03-12,8.14,8.6,8.01,8.3,9.7,8.55,7900,8.55,8.365001339182678,-0.0400482603496161,-0.0369978831212805,3
2024-03-13,8.4,8.5,8.4,8.55,9.7,8.41,900,8.41,8.371924210077651,-0.0334920857855838,-0.0362967236541412,3
2024-03-14,8.25,8.45,8.13,8.41,9.7,8.45,4010,8.45,8.383935870065706,-0.0247829224002522,-0.0339939634033634,3
2024-03-17,8.29,8.5,8.29,8.45,9.7,8.36,1000,8.36,8.380253428517136,-0.0248565645068996,-0.0321664836240706,3
2024-03-18,8.2,8.6,8.2,8.36,9.7,8.42,7010,8.42,8.386368285668345,-0.0198446708353916,-0.0297021210663348,3
2024-03-19,8.26,8.35,8.26,8.42,9.7,8.35,3500,8.35,8.380773164796292,-0.021275869003464,-0.0280168706537607,3
2024-03-20,8.19,8.56,8.1,8.35,9.7,8.56,16805,8.56,8.408346524058402,-0.0054025813117419,-0.0234940127853569,3
2024-03-21,8.39,8.55,8.31,8.56,9.7,8.32,1700,8.32,8.39475475112634,-0.0120499760682371,-0.0212052054419329,3
2024-02-26,8.44,8.48,8.29,8.6,9.7,8.29,2750,8.29,8.571587366575232,0.0444788929588959,0.0524835360770766,4
2024-02-27,8.29,8.3,8.15,8.29,9.7,8.15,4400,8.15,8.506727771717504,0.0075532591097857,0.0434974806836184,4
2024-02-28,8.01,8.3,8.01,8.15,9.7,8.3,6100,8.3,8.47492349914558,-0.0094973458615665,0.0328985153745814,4
2024-02-29,8.15,8.46,8.15,8.3,9.7,8.46,4000,8.46,8.472627576200107,-0.0099843173250278,0.0243219488346596,4
2024-03-03,8.3,8.3,8.03,8.46,9.7,8.03,1110,8.03,8.404531026015475,-0.0445540605818717,0.0105467469513533,4
2024-03-04,8.03,8.03,8.03,8.03,9.7,8.03,0,8.03,8.34691086816694,-0.0711308786824549,-0.0057887781754083,4
2024-03-05,8.11,8.66,8.11,8.03,9.7,8.66,2440,8.66,8.395078426910489,-0.0408861535056175,-0.0128082532414501,4
2024-03-06,8.49,8.49,8.17,8.66,9.7,8.18,1200,8.18,8.36198943815503,-0.0550148029709944,-0.021249563187359,4
2024-03-07,8.04,8.2,8.03,8.18,9.7,8.2,4400,8.2,8.337067986131178,-0.0638618667632897,-0.0297720239025451,4
2024-03-10,8.05,8.4,8.05,8.2,9.7,8.3,2360,8.3,8.331365219034074,-0.0620883484608025,-0.0362352888141966,4
2024-03-12,8.14,8.6,8.01,8.3,9.7,8.55,7900,8.55,8.365001339182678,-0.0400482603496161,-0.0369978831212805,4
2024-03-13,8.4,8.5,8.4,8.55,9.7,8.41,900,8.41,8.371924210077651,-0.0334920857855838,-0.0362967236541412,4
2024-03-14,8.25,8.45,8.13,8.41,9.7,8.45,4010,8.45,8.383935870065706,-0.0247829224002522,-0.0339939634033634,4
2024-03-17,8.29,8.5,8.29,8.45,9.7,8.36,1000,8.36,8.380253428517136,-0.0248565645068996,-0.0321664836240706,4
2024-03-18,8.2,8.6,8.2,8.36,9.7,8.42,7010,8.42,8.386368285668345,-0.0198446708353916,-0.0297021210663348,4
2024-03-19,8.26,8.35,8.26,8.42,9.7,8.35,3500,8.35,8.380773164796292,-0.021275869003464,-0.0280168706537607,4
2024-03-20,8.19,8.56,8.1,8.35,9.7,8.56,16805,8.56,8.408346524058402,-0.0054025813117419,-0.0234940127853569,4
2024-03-21,8.39,8.55,8.31,8.56,9.7,8.32,1700,8.32,8.39475475112634,-0.0120499760682371,-0.0212052054419329,4
2024-03-25,8.17,8.34,8.1,8.32,9.7,8.34,2205,8.34,8.38633094326075,-0.0155252856231182,-0.02006922147817,4
2024-03-26,8.2,8.37,8.2,8.34,9.7,8.24,4130,8.24,8.363818490451404,-0.0260483881447708,-0.0212650548114902,4
2024-02-27,8.29,8.3,8.15,8.29,9.7,8.15,4400,8.15,8.506727771717504,0.0075532591097857,0.0434974806836184,5
2024-02-28,8.01,8.3,8.01,8.15,9.7,8.3,6100,8.3,8.47492349914558,-0.0094973458615665,0.0328985153745814,5
2024-02-29,8.15,8.46,8.15,8.3,9.7,8.46,4000,8.46,8.472627576200107,-0.0099843173250278,0.0243219488346596,5
2024-03-03,8.3,8.3,8.03,8.46,9.7,8.03,1110,8.03,8.404531026015475,-0.0445540605818717,0.0105467469513533,5
2024-03-04,8.03,8.03,8.03,8.03,9.7,8.03,0,8.03,8.34691086816694,-0.0711308786824549,-0.0057887781754083,5
2024-03-05,8.11,8.66,8.11,8.03,9.7,8.66,2440,8.66,8.395078426910489,-0.0408861535056175,-0.0128082532414501,5
2024-03-06,8.49,8.49,8.17,8.66,9.7,8.18,1200,8.18,8.36198943815503,-0.0550148029709944,-0.021249563187359,5
2024-03-07,8.04,8.2,8.03,8.18,9.7,8.2,4400,8.2,8.337067986131178,-0.0638618667632897,-0.0297720239025451,5
2024-03-10,8.05,8.4,8.05,8.2,9.7,8.3,2360,8.3,8.331365219034074,-0.0620883484608025,-0.0362352888141966,5
2024-03-12,8.14,8.6,8.01,8.3,9.7,8.55,7900,8.55,8.365001339182678,-0.0400482603496161,-0.0369978831212805,5
2024-03-13,8.4,8.5,8.4,8.55,9.7,8.41,900,8.41,8.371924210077651,-0.0334920857855838,-0.0362967236541412,5
2024-03-14,8.25,8.45,8.13,8.41,9.7,8.45,4010,8.45,8.383935870065706,-0.0247829224002522,-0.0339939634033634,5
2024-03-17,8.29,8.5,8.29,8.45,9.7,8.36,1000,8.36,8.380253428517136,-0.0248565645068996,-0.0321664836240706,5
2024-03-18,8.2,8.6,8.2,8.36,9.7,8.42,7010,8.42,8.386368285668345,-0.0198446708353916,-0.0297021210663348,5
2024-03-19,8.26,8.35,8.26,8.42,9.7,8.35,3500,8.35,8.380773164796292,-0.021275869003464,-0.0280168706537607,5
2024-03-20,8.19,8.56,8.1,8.35,9.7,8.56,16805,8.56,8.408346524058402,-0.0054025813117419,-0.0234940127853569,5
2024-03-21,8.39,8.55,8.31,8.56,9.7,8.32,1700,8.32,8.39475475112634,-0.0120499760682371,-0.0212052054419329,5
2024-03-25,8.17,8.34,8.1,8.32,9.7,8.34,2205,8.34,8.38633094326075,-0.0155252856231182,-0.02006922147817,5
2024-03-26,8.2,8.37,8.2,8.34,9.7,8.24,4130,8.24,8.363818490451404,-0.0260483881447708,-0.0212650548114902,5
2024-03-27,8.24,8.4,8.21,8.24,9.7,8.23,17200,8.23,8.343231030381958,-0.0347938572070933,-0.0239708152906108,5
2024-03-04,8.03,8.03,8.03,8.03,9.7,8.03,0,8.03,8.34691086816694,-0.0711308786824549,-0.0057887781754083,6
2024-03-05,8.11,8.66,8.11,8.03,9.7,8.66,2440,8.66,8.395078426910489,-0.0408861535056175,-0.0128082532414501,6
2024-03-06,8.49,8.49,8.17,8.66,9.7,8.18,1200,8.18,8.36198943815503,-0.0550148029709944,-0.021249563187359,6
2024-03-07,8.04,8.2,8.03,8.18,9.7,8.2,4400,8.2,8.337067986131178,-0.0638618667632897,-0.0297720239025451,6
2024-03-10,8.05,8.4,8.05,8.2,9.7,8.3,2360,8.3,8.331365219034074,-0.0620883484608025,-0.0362352888141966,6
2024-03-12,8.14,8.6,8.01,8.3,9.7,8.55,7900,8.55,8.365001339182678,-0.0400482603496161,-0.0369978831212805,6
2024-03-13,8.4,8.5,8.4,8.55,9.7,8.41,900,8.41,8.371924210077651,-0.0334920857855838,-0.0362967236541412,6
2024-03-14,8.25,8.45,8.13,8.41,9.7,8.45,4010,8.45,8.383935870065706,-0.0247829224002522,-0.0339939634033634,6
2024-03-17,8.29,8.5,8.29,8.45,9.7,8.36,1000,8.36,8.380253428517136,-0.0248565645068996,-0.0321664836240706,6
2024-03-18,8.2,8.6,8.2,8.36,9.7,8.42,7010,8.42,8.386368285668345,-0.0198446708353916,-0.0297021210663348,6
2024-03-19,8.26,8.35,8.26,8.42,9.7,8.35,3500,8.35,8.380773164796292,-0.021275869003464,-0.0280168706537607,6
2024-03-20,8.19,8.56,8.1,8.35,9.7,8.56,16805,8.56,8.408346524058402,-0.0054025813117419,-0.0234940127853569,6
2024-03-21,8.39,8.55,8.31,8.56,9.7,8.32,1700,8.32,8.39475475112634,-0.0120499760682371,-0.0212052054419329,6
2024-03-25,8.17,8.34,8.1,8.32,9.7,8.34,2205,8.34,8.38633094326075,-0.0155252856231182,-0.02006922147817,6
2024-03-26,8.2,8.37,8.2,8.34,9.7,8.24,4130,8.24,8.363818490451404,-0.0260483881447708,-0.0212650548114902,6
2024-03-27,8.24,8.4,8.21,8.24,9.7,8.23,17200,8.23,8.343231030381958,-0.0347938572070933,-0.0239708152906108,6
2024-03-28,8.08,8.25,8.08,8.23,9.7,8.25,2400,8.25,8.32888779493858,-0.0396537676438732,-0.0271074057612633,6
2024-03-31,8.09,8.4,8.09,8.25,9.7,8.25,6800,8.25,8.316751211101876,-0.0430094949929884,-0.0302878236076083,6
2024-04-01,8.1,8.23,8.0,8.25,9.7,8.21,26500,8.21,8.300327947855433,-0.0483393726027756,-0.0338981334066418,6
2024-04-02,8.11,8.2,8.11,8.21,9.7,8.2,1600,8.2,8.284892878954597,-0.0527620473955945,-0.0376709162044323,6
2024-03-05,8.11,8.66,8.11,8.03,9.7,8.66,2440,8.66,8.395078426910489,-0.0408861535056175,-0.0128082532414501,7
2024-03-06,8.49,8.49,8.17,8.66,9.7,8.18,1200,8.18,8.36198943815503,-0.0550148029709944,-0.021249563187359,7
2024-03-07,8.04,8.2,8.03,8.18,9.7,8.2,4400,8.2,8.337067986131178,-0.0638618667632897,-0.0297720239025451,7
2024-03-10,8.05,8.4,8.05,8.2,9.7,8.3,2360,8.3,8.331365219034074,-0.0620883484608025,-0.0362352888141966,7
2024-03-12,8.14,8.6,8.01,8.3,9.7,8.55,7900,8.55,8.365001339182678,-0.0400482603496161,-0.0369978831212805,7
2024-03-13,8.4,8.5,8.4,8.55,9.7,8.41,900,8.41,8.371924210077651,-0.0334920857855838,-0.0362967236541412,7
2024-03-14,8.25,8.45,8.13,8.41,9.7,8.45,4010,8.45,8.383935870065706,-0.0247829224002522,-0.0339939634033634,7
2024-03-17,8.29,8.5,8.29,8.45,9.7,8.36,1000,8.36,8.380253428517136,-0.0248565645068996,-0.0321664836240706,7
2024-03-18,8.2,8.6,8.2,8.36,9.7,8.42,7010,8.42,8.386368285668345,-0.0198446708353916,-0.0297021210663348,7
2024-03-19,8.26,8.35,8.26,8.42,9.7,8.35,3500,8.35,8.380773164796292,-0.021275869003464,-0.0280168706537607,7
2024-03-20,8.19,8.56,8.1,8.35,9.7,8.56,16805,8.56,8.408346524058402,-0.0054025813117419,-0.0234940127853569,7
2024-03-21,8.39,8.55,8.31,8.56,9.7,8.32,1700,8.32,8.39475475112634,-0.0120499760682371,-0.0212052054419329,7
2024-03-25,8.17,8.34,8.1,8.32,9.7,8.34,2205,8.34,8.38633094326075,-0.0155252856231182,-0.02006922147817,7
2024-03-26,8.2,8.37,8.2,8.34,9.7,8.24,4130,8.24,8.363818490451404,-0.0260483881447708,-0.0212650548114902,7
2024-03-27,8.24,8.4,8.21,8.24,9.7,8.23,17200,8.23,8.343231030381958,-0.0347938572070933,-0.0239708152906108,7
2024-03-28,8.08,8.25,8.08,8.23,9.7,8.25,2400,8.25,8.32888779493858,-0.0396537676438732,-0.0271074057612633,7
2024-03-31,8.09,8.4,8.09,8.25,9.7,8.25,6800,8.25,8.316751211101876,-0.0430094949929884,-0.0302878236076083,7
2024-04-01,8.1,8.23,8.0,8.25,9.7,8.21,26500,8.21,8.300327947855433,-0.0483393726027756,-0.0338981334066418,7
2024-04-02,8.11,8.2,8.11,8.21,9.7,8.2,1600,8.2,8.284892878954597,-0.0527620473955945,-0.0376709162044323,7
2024-04-03,8.2,8.25,8.11,8.2,9.7,8.22,1700,8.22,8.274909359115428,-0.0540303875051186,-0.0409428104645696,7
2024-03-07,8.04,8.2,8.03,8.18,9.7,8.2,4400,8.2,8.337067986131178,-0.0638618667632897,-0.0297720239025451,8
2024-03-10,8.05,8.4,8.05,8.2,9.7,8.3,2360,8.3,8.331365219034074,-0.0620883484608025,-0.0362352888141966,8
2024-03-12,8.14,8.6,8.01,8.3,9.7,8.55,7900,8.55,8.365001339182678,-0.0400482603496161,-0.0369978831212805,8
2024-03-13,8.4,8.5,8.4,8.55,9.7,8.41,900,8.41,8.371924210077651,-0.0334920857855838,-0.0362967236541412,8
2024-03-14,8.25,8.45,8.13,8.41,9.7,8.45,4010,8.45,8.383935870065706,-0.0247829224002522,-0.0339939634033634,8
2024-03-17,8.29,8.5,8.29,8.45,9.7,8.36,1000,8.36,8.380253428517136,-0.0248565645068996,-0.0321664836240706,8
2024-03-18,8.2,8.6,8.2,8.36,9.7,8.42,7010,8.42,8.386368285668345,-0.0198446708353916,-0.0297021210663348,8
2024-03-19,8.26,8.35,8.26,8.42,9.7,8.35,3500,8.35,8.380773164796292,-0.021275869003464,-0.0280168706537607,8
2024-03-20,8.19,8.56,8.1,8.35,9.7,8.56,16805,8.56,8.408346524058402,-0.0054025813117419,-0.0234940127853569,8
2024-03-21,8.39,8.55,8.31,8.56,9.7,8.32,1700,8.32,8.39475475112634,-0.0120499760682371,-0.0212052054419329,8
2024-03-25,8.17,8.34,8.1,8.32,9.7,8.34,2205,8.34,8.38633094326075,-0.0155252856231182,-0.02006922147817,8
2024-03-26,8.2,8.37,8.2,8.34,9.7,8.24,4130,8.24,8.363818490451404,-0.0260483881447708,-0.0212650548114902,8
2024-03-27,8.24,8.4,8.21,8.24,9.7,8.23,17200,8.23,8.343231030381958,-0.0347938572070933,-0.0239708152906108,8
2024-03-28,8.08,8.25,8.08,8.23,9.7,8.25,2400,8.25,8.32888779493858,-0.0396537676438732,-0.0271074057612633,8
2024-03-31,8.09,8.4,8.09,8.25,9.7,8.25,6800,8.25,8.316751211101876,-0.0430094949929884,-0.0302878236076083,8
2024-04-01,8.1,8.23,8.0,8.25,9.7,8.21,26500,8.21,8.300327947855433,-0.0483393726027756,-0.0338981334066418,8
2024-04-02,8.11,8.2,8.11,8.21,9.7,8.2,1600,8.2,8.284892878954597,-0.0527620473955945,-0.0376709162044323,8
2024-04-03,8.2,8.25,8.11,8.2,9.7,8.22,1700,8.22,8.274909359115428,-0.0540303875051186,-0.0409428104645696,8
2024-04-04,8.13,8.4,8.13,8.22,9.7,8.4,3579,8.4,8.29415407309767,-0.0400493959954282,-0.0407641275707413,8
2024-04-07,8.3,8.39,8.1,8.4,9.7,8.14,11400,8.14,8.270438061851875,-0.0493799650861799,-0.042487295073829,8
2024-03-10,8.05,8.4,8.05,8.2,9.7,8.3,2360,8.3,8.331365219034074,-0.0620883484608025,-0.0362352888141966,9
2024-03-12,8.14,8.6,8.01,8.3,9.7,8.55,7900,8.55,8.365001339182678,-0.0400482603496161,-0.0369978831212805,9
2024-03-13,8.4,8.5,8.4,8.55,9.7,8.41,900,8.41,8.371924210077651,-0.0334920857855838,-0.0362967236541412,9
2024-03-14,8.25,8.45,8.13,8.41,9.7,8.45,4010,8.45,8.383935870065706,-0.0247829224002522,-0.0339939634033634,9
2024-03-17,8.29,8.5,8.29,8.45,9.7,8.36,1000,8.36,8.380253428517136,-0.0248565645068996,-0.0321664836240706,9
2024-03-18,8.2,8.6,8.2,8.36,9.7,8.42,7010,8.42,8.386368285668345,-0.0198446708353916,-0.0297021210663348,9
2024-03-19,8.26,8.35,8.26,8.42,9.7,8.35,3500,8.35,8.380773164796292,-0.021275869003464,-0.0280168706537607,9
2024-03-20,8.19,8.56,8.1,8.35,9.7,8.56,16805,8.56,8.408346524058402,-0.0054025813117419,-0.0234940127853569,9
2024-03-21,8.39,8.55,8.31,8.56,9.7,8.32,1700,8.32,8.39475475112634,-0.0120499760682371,-0.0212052054419329,9
2024-03-25,8.17,8.34,8.1,8.32,9.7,8.34,2205,8.34,8.38633094326075,-0.0155252856231182,-0.02006922147817,9
2024-03-26,8.2,8.37,8.2,8.34,9.7,8.24,4130,8.24,8.363818490451404,-0.0260483881447708,-0.0212650548114902,9
2024-03-27,8.24,8.4,8.21,8.24,9.7,8.23,17200,8.23,8.343231030381958,-0.0347938572070933,-0.0239708152906108,9
2024-03-28,8.08,8.25,8.08,8.23,9.7,8.25,2400,8.25,8.32888779493858,-0.0396537676438732,-0.0271074057612633,9
2024-03-31,8.09,8.4,8.09,8.25,9.7,8.25,6800,8.25,8.316751211101876,-0.0430094949929884,-0.0302878236076083,9
2024-04-01,8.1,8.23,8.0,8.25,9.7,8.21,26500,8.21,8.300327947855433,-0.0483393726027756,-0.0338981334066418,9
2024-04-02,8.11,8.2,8.11,8.21,9.7,8.2,1600,8.2,8.284892878954597,-0.0527620473955945,-0.0376709162044323,9
2024-04-03,8.2,8.25,8.11,8.2,9.7,8.22,1700,8.22,8.274909359115428,-0.0540303875051186,-0.0409428104645696,9
2024-04-04,8.13,8.4,8.13,8.22,9.7,8.4,3579,8.4,8.29415407309767,-0.0400493959954282,-0.0407641275707413,9
2024-04-07,8.3,8.39,8.1,8.4,9.7,8.14,11400,8.14,8.270438061851875,-0.0493799650861799,-0.042487295073829,9
2024-04-09,8.06,8.7,8.06,8.14,9.7,8.7,2300,8.7,8.336524513874664,-0.011455140697608,-0.0362808641985848,9
2024-03-18,8.2,8.6,8.2,8.36,9.7,8.42,7010,8.42,8.386368285668345,-0.0198446708353916,-0.0297021210663348,10
2024-03-19,8.26,8.35,8.26,8.42,9.7,8.35,3500,8.35,8.380773164796292,-0.021275869003464,-0.0280168706537607,10
2024-03-20,8.19,8.56,8.1,8.35,9.7,8.56,16805,8.56,8.408346524058402,-0.0054025813117419,-0.0234940127853569,10
2024-03-21,8.39,8.55,8.31,8.56,9.7,8.32,1700,8.32,8.39475475112634,-0.0120499760682371,-0.0212052054419329,10
2024-03-25,8.17,8.34,8.1,8.32,9.7,8.34,2205,8.34,8.38633094326075,-0.0155252856231182,-0.02006922147817,10
2024-03-26,8.2,8.37,8.2,8.34,9.7,8.24,4130,8.24,8.363818490451404,-0.0260483881447708,-0.0212650548114902,10
2024-03-27,8.24,8.4,8.21,8.24,9.7,8.23,17200,8.23,8.343231030381958,-0.0347938572070933,-0.0239708152906108,10
2024-03-28,8.08,8.25,8.08,8.23,9.7,8.25,2400,8.25,8.32888779493858,-0.0396537676438732,-0.0271074057612633,10
2024-03-31,8.09,8.4,8.09,8.25,9.7,8.25,6800,8.25,8.316751211101876,-0.0430094949929884,-0.0302878236076083,10
2024-04-01,8.1,8.23,8.0,8.25,9.7,8.21,26500,8.21,8.300327947855433,-0.0483393726027756,-0.0338981334066418,10
2024-04-02,8.11,8.2,8.11,8.21,9.7,8.2,1600,8.2,8.284892878954597,-0.0527620473955945,-0.0376709162044323,10
2024-04-03,8.2,8.25,8.11,8.2,9.7,8.22,1700,8.22,8.274909359115428,-0.0540303875051186,-0.0409428104645696,10
2024-04-04,8.13,8.4,8.13,8.22,9.7,8.4,3579,8.4,8.29415407309767,-0.0400493959954282,-0.0407641275707413,10
2024-04-07,8.3,8.39,8.1,8.4,9.7,8.14,11400,8.14,8.270438061851875,-0.0493799650861799,-0.042487295073829,10
2024-04-09,8.06,8.7,8.06,8.14,9.7,8.7,2300,8.7,8.336524513874664,-0.011455140697608,-0.0362808641985848,10
2024-04-10,8.53,8.7,8.2,8.7,9.7,8.7,6900,8.7,8.392443819432408,0.0183885837173409,-0.0253469746153996,10
2024-04-14,8.53,8.53,8.36,8.7,9.7,8.36,4900,8.36,8.387452462596652,0.0144383554530715,-0.0173899086017054,10
2024-04-15,8.2,8.28,8.12,8.36,9.7,8.28,3200,8.28,8.370921314504859,0.004797141223765,-0.0129524986366113,10
2024-04-16,8.12,8.15,8.12,8.28,9.7,8.14,1250,8.14,8.33539495842719,-0.0139792760923427,-0.0131578541277576,10
2024-04-18,8.12,8.14,8.06,8.14,9.7,8.14,16200,8.14,8.305334195592238,-0.028530836370292,-0.0162324505762645,10
2024-03-26,8.2,8.37,8.2,8.34,9.7,8.24,4130,8.24,8.363818490451404,-0.0260483881447708,-0.0212650548114902,11
2024-03-27,8.24,8.4,8.21,8.24,9.7,8.23,17200,8.23,8.343231030381958,-0.0347938572070933,-0.0239708152906108,11
2024-03-28,8.08,8.25,8.08,8.23,9.7,8.25,2400,8.25,8.32888779493858,-0.0396537676438732,-0.0271074057612633,11
2024-03-31,8.09,8.4,8.09,8.25,9.7,8.25,6800,8.25,8.316751211101876,-0.0430094949929884,-0.0302878236076083,11
2024-04-01,8.1,8.23,8.0,8.25,9.7,8.21,26500,8.21,8.300327947855433,-0.0483393726027756,-0.0338981334066418,11
2024-04-02,8.11,8.2,8.11,8.21,9.7,8.2,1600,8.2,8.284892878954597,-0.0527620473955945,-0.0376709162044323,11
2024-04-03,8.2,8.25,8.11,8.2,9.7,8.22,1700,8.22,8.274909359115428,-0.0540303875051186,-0.0409428104645696,11
2024-04-04,8.13,8.4,8.13,8.22,9.7,8.4,3579,8.4,8.29415407309767,-0.0400493959954282,-0.0407641275707413,11
2024-04-07,8.3,8.39,8.1,8.4,9.7,8.14,11400,8.14,8.270438061851875,-0.0493799650861799,-0.042487295073829,11
2024-04-09,8.06,8.7,8.06,8.14,9.7,8.7,2300,8.7,8.336524513874664,-0.011455140697608,-0.0362808641985848,11
2024-04-10,8.53,8.7,8.2,8.7,9.7,8.7,6900,8.7,8.392443819432408,0.0183885837173409,-0.0253469746153996,11
2024-04-14,8.53,8.53,8.36,8.7,9.7,8.36,4900,8.36,8.387452462596652,0.0144383554530715,-0.0173899086017054,11
2024-04-15,8.2,8.28,8.12,8.36,9.7,8.28,3200,8.28,8.370921314504859,0.004797141223765,-0.0129524986366113,11
2024-04-16,8.12,8.15,8.12,8.28,9.7,8.14,1250,8.14,8.33539495842719,-0.0139792760923427,-0.0131578541277576,11
2024-04-18,8.12,8.14,8.06,8.14,9.7,8.14,16200,8.14,8.305334195592238,-0.028530836370292,-0.0162324505762645,11
2024-04-21,8.01,8.3,8.01,8.14,9.7,8.3,31300,8.3,8.304513550116509,-0.0268429609599074,-0.0183545526529931,11
2024-04-22,8.3,8.3,8.21,8.3,9.7,8.21,8845,8.21,8.289973003944738,-0.0323941359408337,-0.0211624693105612,11
2024-04-24,8.06,8.1,7.92,8.21,9.7,8.1,500,8.1,8.26074638795324,-0.0451491119408071,-0.0259597978366104,11
2024-04-25,8.0,8.67,8.0,8.1,9.7,8.65,3050,8.65,8.320631559037357,-0.0107531630867612,-0.0229184708866405,11
2024-04-28,8.48,8.99,8.2,8.65,9.7,8.82,5600,8.82,8.39745747303161,0.0298790266203887,-0.0123589713852347,11
2024-03-27,8.24,8.4,8.21,8.24,9.7,8.23,17200,8.23,8.343231030381958,-0.0347938572070933,-0.0239708152906108,12
2024-03-28,8.08,8.25,8.08,8.23,9.7,8.25,2400,8.25,8.32888779493858,-0.0396537676438732,-0.0271074057612633,12
2024-03-31,8.09,8.4,8.09,8.25,9.7,8.25,6800,8.25,8.316751211101876,-0.0430094949929884,-0.0302878236076083,12
2024-04-01,8.1,8.23,8.0,8.25,9.7,8.21,26500,8.21,8.300327947855433,-0.0483393726027756,-0.0338981334066418,12
2024-04-02,8.11,8.2,8.11,8.21,9.7,8.2,1600,8.2,8.284892878954597,-0.0527620473955945,-0.0376709162044323,12
2024-04-03,8.2,8.25,8.11,8.2,9.7,8.22,1700,8.22,8.274909359115428,-0.0540303875051186,-0.0409428104645696,12
2024-04-04,8.13,8.4,8.13,8.22,9.7,8.4,3579,8.4,8.29415407309767,-0.0400493959954282,-0.0407641275707413,12
2024-04-07,8.3,8.39,8.1,8.4,9.7,8.14,11400,8.14,8.270438061851875,-0.0493799650861799,-0.042487295073829,12
2024-04-09,8.06,8.7,8.06,8.14,9.7,8.7,2300,8.7,8.336524513874664,-0.011455140697608,-0.0362808641985848,12
2024-04-10,8.53,8.7,8.2,8.7,9.7,8.7,6900,8.7,8.392443819432408,0.0183885837173409,-0.0253469746153996,12
2024-04-14,8.53,8.53,8.36,8.7,9.7,8.36,4900,8.36,8.387452462596652,0.0144383554530715,-0.0173899086017054,12
2024-04-15,8.2,8.28,8.12,8.36,9.7,8.28,3200,8.28,8.370921314504859,0.004797141223765,-0.0129524986366113,12
2024-04-16,8.12,8.15,8.12,8.28,9.7,8.14,1250,8.14,8.33539495842719,-0.0139792760923427,-0.0131578541277576,12
2024-04-18,8.12,8.14,8.06,8.14,9.7,8.14,16200,8.14,8.305334195592238,-0.028530836370292,-0.0162324505762645,12
2024-04-21,8.01,8.3,8.01,8.14,9.7,8.3,31300,8.3,8.304513550116509,-0.0268429609599074,-0.0183545526529931,12
2024-04-22,8.3,8.3,8.21,8.3,9.7,8.21,8845,8.21,8.289973003944738,-0.0323941359408337,-0.0211624693105612,12
2024-04-24,8.06,8.1,7.92,8.21,9.7,8.1,500,8.1,8.26074638795324,-0.0451491119408071,-0.0259597978366104,12
2024-04-25,8.0,8.67,8.0,8.1,9.7,8.65,3050,8.65,8.320631559037357,-0.0107531630867612,-0.0229184708866405,12
2024-04-28,8.48,8.99,8.2,8.65,9.7,8.82,5600,8.82,8.39745747303161,0.0298790266203887,-0.0123589713852347,12
2024-04-29,8.65,8.84,8.1,8.82,9.7,8.84,9900,8.84,8.465540938719053,0.0629683031531076,0.0027064835224337,12
2024-04-03,8.2,8.25,8.11,8.2,9.7,8.22,1700,8.22,8.274909359115428,-0.0540303875051186,-0.0409428104645696,13
2024-04-04,8.13,8.4,8.13,8.22,9.7,8.4,3579,8.4,8.29415407309767,-0.0400493959954282,-0.0407641275707413,13
2024-04-07,8.3,8.39,8.1,8.4,9.7,8.14,11400,8.14,8.270438061851875,-0.0493799650861799,-0.042487295073829,13
2024-04-09,8.06,8.7,8.06,8.14,9.7,8.7,2300,8.7,8.336524513874664,-0.011455140697608,-0.0362808641985848,13
2024-04-10,8.53,8.7,8.2,8.7,9.7,8.7,6900,8.7,8.392443819432408,0.0183885837173409,-0.0253469746153996,13
2024-04-14,8.53,8.53,8.36,8.7,9.7,8.36,4900,8.36,8.387452462596652,0.0144383554530715,-0.0173899086017054,13
2024-04-15,8.2,8.28,8.12,8.36,9.7,8.28,3200,8.28,8.370921314504859,0.004797141223765,-0.0129524986366113,13
2024-04-16,8.12,8.15,8.12,8.28,9.7,8.14,1250,8.14,8.33539495842719,-0.0139792760923427,-0.0131578541277576,13
2024-04-18,8.12,8.14,8.06,8.14,9.7,8.14,16200,8.14,8.305334195592238,-0.028530836370292,-0.0162324505762645,13
2024-04-21,8.01,8.3,8.01,8.14,9.7,8.3,31300,8.3,8.304513550116509,-0.0268429609599074,-0.0183545526529931,13
2024-04-22,8.3,8.3,8.21,8.3,9.7,8.21,8845,8.21,8.289973003944738,-0.0323941359408337,-0.0211624693105612,13
2024-04-24,8.06,8.1,7.92,8.21,9.7,8.1,500,8.1,8.26074638795324,-0.0451491119408071,-0.0259597978366104,13
2024-04-25,8.0,8.67,8.0,8.1,9.7,8.65,3050,8.65,8.320631559037357,-0.0107531630867612,-0.0229184708866405,13
2024-04-28,8.48,8.99,8.2,8.65,9.7,8.82,5600,8.82,8.39745747303161,0.0298790266203887,-0.0123589713852347,13
2024-04-29,8.65,8.84,8.1,8.82,9.7,8.84,9900,8.84,8.465540938719053,0.0629683031531076,0.0027064835224337,13
2024-04-30,8.67,8.81,8.03,8.84,9.7,8.81,8005,8.81,8.518534640454584,0.0857822001157462,0.0193216268410962,13
2024-05-02,8.81,8.81,8.81,8.81,9.7,8.81,1000,8.81,8.563375465000034,0.1026787609825916,0.0359930536693953,13
2024-05-05,8.88,8.88,8.05,8.81,9.7,8.71,25400,8.71,8.585933085769259,0.1067694709382944,0.0501483371231751,13
2024-05-06,8.54,8.54,8.25,8.71,9.7,8.25,22700,8.25,8.534251072573989,0.0720625403230954,0.0545311777631592,13
2024-05-07,8.14,8.3,8.13,8.25,9.7,8.3,3700,8.3,8.498212446024144,0.0480378791251681,0.053232518035561,13
2024-04-09,8.06,8.7,8.06,8.14,9.7,8.7,2300,8.7,8.336524513874664,-0.011455140697608,-0.0362808641985848,14
2024-04-10,8.53,8.7,8.2,8.7,9.7,8.7,6900,8.7,8.392443819432408,0.0183885837173409,-0.0253469746153996,14
2024-04-14,8.53,8.53,8.36,8.7,9.7,8.36,4900,8.36,8.387452462596652,0.0144383554530715,-0.0173899086017054,14
2024-04-15,8.2,8.28,8.12,8.36,9.7,8.28,3200,8.28,8.370921314504859,0.004797141223765,-0.0129524986366113,14
2024-04-16,8.12,8.15,8.12,8.28,9.7,8.14,1250,8.14,8.33539495842719,-0.0139792760923427,-0.0131578541277576,14
2024-04-18,8.12,8.14,8.06,8.14,9.7,8.14,16200,8.14,8.305334195592238,-0.028530836370292,-0.0162324505762645,14
2024-04-21,8.01,8.3,8.01,8.14,9.7,8.3,31300,8.3,8.304513550116509,-0.0268429609599074,-0.0183545526529931,14
2024-04-22,8.3,8.3,8.21,8.3,9.7,8.21,8845,8.21,8.289973003944738,-0.0323941359408337,-0.0211624693105612,14
2024-04-24,8.06,8.1,7.92,8.21,9.7,8.1,500,8.1,8.26074638795324,-0.0451491119408071,-0.0259597978366104,14
2024-04-25,8.0,8.67,8.0,8.1,9.7,8.65,3050,8.65,8.320631559037357,-0.0107531630867612,-0.0229184708866405,14
2024-04-28,8.48,8.99,8.2,8.65,9.7,8.82,5600,8.82,8.39745747303161,0.0298790266203887,-0.0123589713852347,14
2024-04-29,8.65,8.84,8.1,8.82,9.7,8.84,9900,8.84,8.465540938719053,0.0629683031531076,0.0027064835224337,14
2024-04-30,8.67,8.81,8.03,8.84,9.7,8.81,8005,8.81,8.518534640454584,0.0857822001157462,0.0193216268410962,14
2024-05-02,8.81,8.81,8.81,8.81,9.7,8.81,1000,8.81,8.563375465000034,0.1026787609825916,0.0359930536693953,14
2024-05-05,8.88,8.88,8.05,8.81,9.7,8.71,25400,8.71,8.585933085769259,0.1067694709382944,0.0501483371231751,14
2024-05-06,8.54,8.54,8.25,8.71,9.7,8.25,22700,8.25,8.534251072573989,0.0720625403230954,0.0545311777631592,14
2024-05-07,8.14,8.3,8.13,8.25,9.7,8.3,3700,8.3,8.498212446024144,0.0480378791251681,0.053232518035561,14
2024-05-08,8.16,8.16,8.16,8.3,9.7,8.16,650,8.16,8.44617976202043,0.0174996074843409,0.046085935925317,14
2024-05-09,8.03,8.36,8.03,8.16,9.7,8.36,4300,8.36,8.43292133709421,0.0093286014126476,0.0387344690227831,14
2024-05-12,8.2,8.52,8.04,8.36,9.7,8.52,5100,8.52,8.446318054464331,0.0155840399443665,0.0341043832070998,14
2024-04-15,8.2,8.28,8.12,8.36,9.7,8.28,3200,8.28,8.370921314504859,0.004797141223765,-0.0129524986366113,15
2024-04-16,8.12,8.15,8.12,8.28,9.7,8.14,1250,8.14,8.33539495842719,-0.0139792760923427,-0.0131578541277576,15
2024-04-18,8.12,8.14,8.06,8.14,9.7,8.14,16200,8.14,8.305334195592238,-0.028530836370292,-0.0162324505762645,15
2024-04-21,8.01,8.3,8.01,8.14,9.7,8.3,31300,8.3,8.304513550116509,-0.0268429609599074,-0.0183545526529931,15
2024-04-22,8.3,8.3,8.21,8.3,9.7,8.21,8845,8.21,8.289973003944738,-0.0323941359408337,-0.0211624693105612,15
2024-04-24,8.06,8.1,7.92,8.21,9.7,8.1,500,8.1,8.26074638795324,-0.0451491119408071,-0.0259597978366104,15
2024-04-25,8.0,8.67,8.0,8.1,9.7,8.65,3050,8.65,8.320631559037357,-0.0107531630867612,-0.0229184708866405,15
2024-04-28,8.48,8.99,8.2,8.65,9.7,8.82,5600,8.82,8.39745747303161,0.0298790266203887,-0.0123589713852347,15
2024-04-29,8.65,8.84,8.1,8.82,9.7,8.84,9900,8.84,8.465540938719053,0.0629683031531076,0.0027064835224337,15
2024-04-30,8.67,8.81,8.03,8.84,9.7,8.81,8005,8.81,8.518534640454584,0.0857822001157462,0.0193216268410962,15
2024-05-02,8.81,8.81,8.81,8.81,9.7,8.81,1000,8.81,8.563375465000034,0.1026787609825916,0.0359930536693953,15
2024-05-05,8.88,8.88,8.05,8.81,9.7,8.71,25400,8.71,8.585933085769259,0.1067694709382944,0.0501483371231751,15
2024-05-06,8.54,8.54,8.25,8.71,9.7,8.25,22700,8.25,8.534251072573989,0.0720625403230954,0.0545311777631592,15
2024-05-07,8.14,8.3,8.13,8.25,9.7,8.3,3700,8.3,8.498212446024144,0.0480378791251681,0.053232518035561,15
2024-05-08,8.16,8.16,8.16,8.3,9.7,8.16,650,8.16,8.44617976202043,0.0174996074843409,0.046085935925317,15
2024-05-09,8.03,8.36,8.03,8.16,9.7,8.36,4300,8.36,8.43292133709421,0.0093286014126476,0.0387344690227831,15
2024-05-12,8.2,8.52,8.04,8.36,9.7,8.52,5100,8.52,8.446318054464331,0.0155840399443665,0.0341043832070998,15
2024-05-13,8.35,8.48,8.11,8.52,9.7,8.48,137200,8.48,8.451499892239049,0.0171165454613042,0.0307068156579407,15
2024-05-14,8.32,8.39,8.23,8.48,9.7,8.32,900,8.32,8.431269139586888,0.0053586333111983,0.0256371791885922,15
2024-05-15,8.16,8.6,8.16,8.32,9.7,8.42,5910,8.42,8.42953542580429,0.0040627348082793,0.0213222903125296,15
2024-04-24,8.06,8.1,7.92,8.21,9.7,8.1,500,8.1,8.26074638795324,-0.0451491119408071,-0.0259597978366104,16
2024-04-25,8.0,8.67,8.0,8.1,9.7,8.65,3050,8.65,8.320631559037357,-0.0107531630867612,-0.0229184708866405,16
2024-04-28,8.48,8.99,8.2,8.65,9.7,8.82,5600,8.82,8.39745747303161,0.0298790266203887,-0.0123589713852347,16
2024-04-29,8.65,8.84,8.1,8.82,9.7,8.84,9900,8.84,8.465540938719053,0.0629683031531076,0.0027064835224337,16
2024-04-30,8.67,8.81,8.03,8.84,9.7,8.81,8005,8.81,8.518534640454584,0.0857822001157462,0.0193216268410962,16
2024-05-02,8.81,8.81,8.81,8.81,9.7,8.81,1000,8.81,8.563375465000034,0.1026787609825916,0.0359930536693953,16
2024-05-05,8.88,8.88,8.05,8.81,9.7,8.71,25400,8.71,8.585933085769259,0.1067694709382944,0.0501483371231751,16
2024-05-06,8.54,8.54,8.25,8.71,9.7,8.25,22700,8.25,8.534251072573989,0.0720625403230954,0.0545311777631592,16
2024-05-07,8.14,8.3,8.13,8.25,9.7,8.3,3700,8.3,8.498212446024144,0.0480378791251681,0.053232518035561,16
2024-05-08,8.16,8.16,8.16,8.3,9.7,8.16,650,8.16,8.44617976202043,0.0174996074843409,0.046085935925317,16
2024-05-09,8.03,8.36,8.03,8.16,9.7,8.36,4300,8.36,8.43292133709421,0.0093286014126476,0.0387344690227831,16
2024-05-12,8.2,8.52,8.04,8.36,9.7,8.52,5100,8.52,8.446318054464331,0.0155840399443665,0.0341043832070998,16
2024-05-13,8.35,8.48,8.11,8.52,9.7,8.48,137200,8.48,8.451499892239049,0.0171165454613042,0.0307068156579407,16
2024-05-14,8.32,8.39,8.23,8.48,9.7,8.32,900,8.32,8.431269139586888,0.0053586333111983,0.0256371791885922,16
2024-05-15,8.16,8.6,8.16,8.32,9.7,8.42,5910,8.42,8.42953542580429,0.0040627348082793,0.0213222903125296,16
2024-05-16,8.26,8.29,8.13,8.42,9.7,8.16,2100,8.16,8.388068437219015,-0.0177396099995128,0.0135099102501211,16
2024-05-19,8.0,8.67,8.0,8.16,9.7,8.29,178395,8.29,8.372980985339167,-0.0242486880113226,0.0059581905978324,16
2024-05-20,8.29,8.63,8.29,8.29,9.7,8.63,3900,8.63,8.412522372210065,-0.0019495475589064,0.0043766429664846,16
2024-05-21,8.47,8.77,8.21,8.63,9.7,8.59,20300,8.59,8.439826622639286,0.0123526228532018,0.005971838943828,16
2024-05-22,8.59,8.59,8.26,8.59,9.7,8.34,4300,8.34,8.42446868069478,0.0034742364484046,0.0054723184447433,16
2024-05-02,8.81,8.81,8.81,8.81,9.7,8.81,1000,8.81,8.563375465000034,0.1026787609825916,0.0359930536693953,17
2024-05-05,8.88,8.88,8.05,8.81,9.7,8.71,25400,8.71,8.585933085769259,0.1067694709382944,0.0501483371231751,17
2024-05-06,8.54,8.54,8.25,8.71,9.7,8.25,22700,8.25,8.534251072573989,0.0720625403230954,0.0545311777631592,17
2024-05-07,8.14,8.3,8.13,8.25,9.7,8.3,3700,8.3,8.498212446024144,0.0480378791251681,0.053232518035561,17
2024-05-08,8.16,8.16,8.16,8.3,9.7,8.16,650,8.16,8.44617976202043,0.0174996074843409,0.046085935925317,17
2024-05-09,8.03,8.36,8.03,8.16,9.7,8.36,4300,8.36,8.43292133709421,0.0093286014126476,0.0387344690227831,17
2024-05-12,8.2,8.52,8.04,8.36,9.7,8.52,5100,8.52,8.446318054464331,0.0155840399443665,0.0341043832070998,17
2024-05-13,8.35,8.48,8.11,8.52,9.7,8.48,137200,8.48,8.451499892239049,0.0171165454613042,0.0307068156579407,17
2024-05-14,8.32,8.39,8.23,8.48,9.7,8.32,900,8.32,8.431269139586888,0.0053586333111983,0.0256371791885922,17
2024-05-15,8.16,8.6,8.16,8.32,9.7,8.42,5910,8.42,8.42953542580429,0.0040627348082793,0.0213222903125296,17
2024-05-16,8.26,8.29,8.13,8.42,9.7,8.16,2100,8.16,8.388068437219015,-0.0177396099995128,0.0135099102501211,17
2024-05-19,8.0,8.67,8.0,8.16,9.7,8.29,178395,8.29,8.372980985339167,-0.0242486880113226,0.0059581905978324,17
2024-05-20,8.29,8.63,8.29,8.29,9.7,8.63,3900,8.63,8.412522372210065,-0.0019495475589064,0.0043766429664846,17
2024-05-21,8.47,8.77,8.21,8.63,9.7,8.59,20300,8.59,8.439826622639286,0.0123526228532018,0.005971838943828,17
2024-05-22,8.59,8.59,8.26,8.59,9.7,8.34,4300,8.34,8.42446868069478,0.0034742364484046,0.0054723184447433,17
2024-05-26,8.19,8.39,8.19,8.34,9.7,8.24,4900,8.24,8.396088883664813,-0.0114985647114593,0.0020781418135028,17
2024-05-27,8.17,8.91,8.17,8.24,9.7,8.91,3300,8.91,8.475152132331765,0.0303489393907714,0.0077323013289565,17
2024-05-29,9.06,9.07,8.17,8.91,9.7,8.17,4300,8.17,8.42820565043457,0.0037582495632797,0.0069374909758211,17
2024-05-30,8.12,8.35,8.12,8.17,9.7,8.35,1900,8.35,8.416174011906175,-0.0027587666783528,0.0049982394449863,17
2024-06-02,8.23,8.4,8.23,8.35,9.7,8.4,4100,8.4,8.413685702382148,-0.003844648159081,0.0032296619241729,17
2024-05-05,8.88,8.88,8.05,8.81,9.7,8.71,25400,8.71,8.585933085769259,0.1067694709382944,0.0501483371231751,18
2024-05-06,8.54,8.54,8.25,8.71,9.7,8.25,22700,8.25,8.534251072573989,0.0720625403230954,0.0545311777631592,18
2024-05-07,8.14,8.3,8.13,8.25,9.7,8.3,3700,8.3,8.498212446024144,0.0480378791251681,0.053232518035561,18
2024-05-08,8.16,8.16,8.16,8.3,9.7,8.16,650,8.16,8.44617976202043,0.0174996074843409,0.046085935925317,18
2024-05-09,8.03,8.36,8.03,8.16,9.7,8.36,4300,8.36,8.43292133709421,0.0093286014126476,0.0387344690227831,18
2024-05-12,8.2,8.52,8.04,8.36,9.7,8.52,5100,8.52,8.446318054464331,0.0155840399443665,0.0341043832070998,18
2024-05-13,8.35,8.48,8.11,8.52,9.7,8.48,137200,8.48,8.451499892239049,0.0171165454613042,0.0307068156579407,18
2024-05-14,8.32,8.39,8.23,8.48,9.7,8.32,900,8.32,8.431269139586888,0.0053586333111983,0.0256371791885922,18
2024-05-15,8.16,8.6,8.16,8.32,9.7,8.42,5910,8.42,8.42953542580429,0.0040627348082793,0.0213222903125296,18
2024-05-16,8.26,8.29,8.13,8.42,9.7,8.16,2100,8.16,8.388068437219015,-0.0177396099995128,0.0135099102501211,18
2024-05-19,8.0,8.67,8.0,8.16,9.7,8.29,178395,8.29,8.372980985339167,-0.0242486880113226,0.0059581905978324,18
2024-05-20,8.29,8.63,8.29,8.29,9.7,8.63,3900,8.63,8.412522372210065,-0.0019495475589064,0.0043766429664846,18
2024-05-21,8.47,8.77,8.21,8.63,9.7,8.59,20300,8.59,8.439826622639286,0.0123526228532018,0.005971838943828,18
2024-05-22,8.59,8.59,8.26,8.59,9.7,8.34,4300,8.34,8.42446868069478,0.0034742364484046,0.0054723184447433,18
2024-05-26,8.19,8.39,8.19,8.34,9.7,8.24,4900,8.24,8.396088883664813,-0.0114985647114593,0.0020781418135028,18
2024-05-27,8.17,8.91,8.17,8.24,9.7,8.91,3300,8.91,8.475152132331765,0.0303489393907714,0.0077323013289565,18
2024-05-29,9.06,9.07,8.17,8.91,9.7,8.17,4300,8.17,8.42820565043457,0.0037582495632797,0.0069374909758211,18
2024-05-30,8.12,8.35,8.12,8.17,9.7,8.35,1900,8.35,8.416174011906175,-0.0027587666783528,0.0049982394449863,18
2024-06-02,8.23,8.4,8.23,8.35,9.7,8.4,4100,8.4,8.413685702382148,-0.003844648159081,0.0032296619241729,18
2024-06-03,8.35,8.41,8.27,8.4,9.7,8.27,7800,8.27,8.391580209707971,-0.0150219667190931,-0.0004206638044803,18
2024-05-09,8.03,8.36,8.03,8.16,9.7,8.36,4300,8.36,8.43292133709421,0.0093286014126476,0.0387344690227831,19
2024-05-12,8.2,8.52,8.04,8.36,9.7,8.52,5100,8.52,8.446318054464331,0.0155840399443665,0.0341043832070998,19
2024-05-13,8.35,8.48,8.11,8.52,9.7,8.48,137200,8.48,8.451499892239049,0.0171165454613042,0.0307068156579407,19
2024-05-14,8.32,8.39,8.23,8.48,9.7,8.32,900,8.32,8.431269139586888,0.0053586333111983,0.0256371791885922,19
2024-05-15,8.16,8.6,8.16,8.32,9.7,8.42,5910,8.42,8.42953542580429,0.0040627348082793,0.0213222903125296,19
2024-05-16,8.26,8.29,8.13,8.42,9.7,8.16,2100,8.16,8.388068437219015,-0.0177396099995128,0.0135099102501211,19
2024-05-19,8.0,8.67,8.0,8.16,9.7,8.29,178395,8.29,8.372980985339167,-0.0242486880113226,0.0059581905978324,19
2024-05-20,8.29,8.63,8.29,8.29,9.7,8.63,3900,8.63,8.412522372210065,-0.0019495475589064,0.0043766429664846,19
2024-05-21,8.47,8.77,8.21,8.63,9.7,8.59,20300,8.59,8.439826622639286,0.0123526228532018,0.005971838943828,19
2024-05-22,8.59,8.59,8.26,8.59,9.7,8.34,4300,8.34,8.42446868069478,0.0034742364484046,0.0054723184447433,19
2024-05-26,8.19,8.39,8.19,8.34,9.7,8.24,4900,8.24,8.396088883664813,-0.0114985647114593,0.0020781418135028,19
2024-05-27,8.17,8.91,8.17,8.24,9.7,8.91,3300,8.91,8.475152132331765,0.0303489393907714,0.0077323013289565,19
2024-05-29,9.06,9.07,8.17,8.91,9.7,8.17,4300,8.17,8.42820565043457,0.0037582495632797,0.0069374909758211,19
2024-05-30,8.12,8.35,8.12,8.17,9.7,8.35,1900,8.35,8.416174011906175,-0.0027587666783528,0.0049982394449863,19
2024-06-02,8.23,8.4,8.23,8.35,9.7,8.4,4100,8.4,8.413685702382148,-0.003844648159081,0.0032296619241729,19
2024-06-03,8.35,8.41,8.27,8.4,9.7,8.27,7800,8.27,8.391580209707971,-0.0150219667190931,-0.0004206638044803,19
2024-06-04,8.26,8.59,8.26,8.27,9.7,8.59,2900,8.59,8.42210633129136,0.0019191308959296,4.729513560168021e-05,19
2024-06-05,8.75,8.75,8.75,8.59,9.51,8.75,100,8.75,8.47255151109269,0.0279337329487727,0.0056245826982358,19
2024-06-06,8.58,8.67,8.25,8.75,9.35,8.51,12274,8.51,8.478312817078429,0.0288519113896175,0.0102700484365122,19
2024-06-09,8.4,8.49,8.34,8.51,9.35,8.34,3800,8.34,8.457033922143285,0.0156812316906815,0.011352285087346,19
2024-05-12,8.2,8.52,8.04,8.36,9.7,8.52,5100,8.52,8.446318054464331,0.0155840399443665,0.0341043832070998,20
2024-05-13,8.35,8.48,8.11,8.52,9.7,8.48,137200,8.48,8.451499892239049,0.0171165454613042,0.0307068156579407,20
2024-05-14,8.32,8.39,8.23,8.48,9.7,8.32,900,8.32,8.431269139586888,0.0053586333111983,0.0256371791885922,20
2024-05-15,8.16,8.6,8.16,8.32,9.7,8.42,5910,8.42,8.42953542580429,0.0040627348082793,0.0213222903125296,20
2024-05-16,8.26,8.29,8.13,8.42,9.7,8.16,2100,8.16,8.388068437219015,-0.0177396099995128,0.0135099102501211,20
2024-05-19,8.0,8.67,8.0,8.16,9.7,8.29,178395,8.29,8.372980985339167,-0.0242486880113226,0.0059581905978324,20
2024-05-20,8.29,8.63,8.29,8.29,9.7,8.63,3900,8.63,8.412522372210065,-0.0019495475589064,0.0043766429664846,20
2024-05-21,8.47,8.77,8.21,8.63,9.7,8.59,20300,8.59,8.439826622639286,0.0123526228532018,0.005971838943828,20
2024-05-22,8.59,8.59,8.26,8.59,9.7,8.34,4300,8.34,8.42446868069478,0.0034742364484046,0.0054723184447433,20
2024-05-26,8.19,8.39,8.19,8.34,9.7,8.24,4900,8.24,8.396088883664813,-0.0114985647114593,0.0020781418135028,20
2024-05-27,8.17,8.91,8.17,8.24,9.7,8.91,3300,8.91,8.475152132331765,0.0303489393907714,0.0077323013289565,20
2024-05-29,9.06,9.07,8.17,8.91,9.7,8.17,4300,8.17,8.42820565043457,0.0037582495632797,0.0069374909758211,20
2024-05-30,8.12,8.35,8.12,8.17,9.7,8.35,1900,8.35,8.416174011906175,-0.0027587666783528,0.0049982394449863,20
2024-06-02,8.23,8.4,8.23,8.35,9.7,8.4,4100,8.4,8.413685702382148,-0.003844648159081,0.0032296619241729,20
2024-06-03,8.35,8.41,8.27,8.4,9.7,8.27,7800,8.27,8.391580209707971,-0.0150219667190931,-0.0004206638044803,20
2024-06-04,8.26,8.59,8.26,8.27,9.7,8.59,2900,8.59,8.42210633129136,0.0019191308959296,4.729513560168021e-05,20
2024-06-05,8.75,8.75,8.75,8.59,9.51,8.75,100,8.75,8.47255151109269,0.0279337329487727,0.0056245826982358,20
2024-06-06,8.58,8.67,8.25,8.75,9.35,8.51,12274,8.51,8.478312817078429,0.0288519113896175,0.0102700484365122,20
2024-06-09,8.4,8.49,8.34,8.51,9.35,8.34,3800,8.34,8.457033922143285,0.0156812316906815,0.011352285087346,20
2024-06-10,8.18,8.34,8.18,8.34,9.35,8.21,1000,8.21,8.41902870335201,-0.0051867507707719,0.0080444779157224,20
2024-05-15,8.16,8.6,8.16,8.32,9.7,8.42,5910,8.42,8.42953542580429,0.0040627348082793,0.0213222903125296,21
2024-05-16,8.26,8.29,8.13,8.42,9.7,8.16,2100,8.16,8.388068437219015,-0.0177396099995128,0.0135099102501211,21
2024-05-19,8.0,8.67,8.0,8.16,9.7,8.29,178395,8.29,8.372980985339167,-0.0242486880113226,0.0059581905978324,21
2024-05-20,8.29,8.63,8.29,8.29,9.7,8.63,3900,8.63,8.412522372210065,-0.0019495475589064,0.0043766429664846,21
2024-05-21,8.47,8.77,8.21,8.63,9.7,8.59,20300,8.59,8.439826622639286,0.0123526228532018,0.005971838943828,21
2024-05-22,8.59,8.59,8.26,8.59,9.7,8.34,4300,8.34,8.42446868069478,0.0034742364484046,0.0054723184447433,21
2024-05-26,8.19,8.39,8.19,8.34,9.7,8.24,4900,8.24,8.396088883664813,-0.0114985647114593,0.0020781418135028,21
2024-05-27,8.17,8.91,8.17,8.24,9.7,8.91,3300,8.91,8.475152132331765,0.0303489393907714,0.0077323013289565,21
2024-05-29,9.06,9.07,8.17,8.91,9.7,8.17,4300,8.17,8.42820565043457,0.0037582495632797,0.0069374909758211,21
2024-05-30,8.12,8.35,8.12,8.17,9.7,8.35,1900,8.35,8.416174011906175,-0.0027587666783528,0.0049982394449863,21
2024-06-02,8.23,8.4,8.23,8.35,9.7,8.4,4100,8.4,8.413685702382148,-0.003844648159081,0.0032296619241729,21
2024-06-03,8.35,8.41,8.27,8.4,9.7,8.27,7800,8.27,8.391580209707971,-0.0150219667190931,-0.0004206638044803,21
2024-06-04,8.26,8.59,8.26,8.27,9.7,8.59,2900,8.59,8.42210633129136,0.0019191308959296,4.729513560168021e-05,21
2024-06-05,8.75,8.75,8.75,8.59,9.51,8.75,100,8.75,8.47255151109269,0.0279337329487727,0.0056245826982358,21
2024-06-06,8.58,8.67,8.25,8.75,9.35,8.51,12274,8.51,8.478312817078429,0.0288519113896175,0.0102700484365122,21
2024-06-09,8.4,8.49,8.34,8.51,9.35,8.34,3800,8.34,8.457033922143285,0.0156812316906815,0.011352285087346,21
2024-06-10,8.18,8.34,8.18,8.34,9.35,8.21,1000,8.21,8.41902870335201,-0.0051867507707719,0.0080444779157224,21
2024-06-11,8.05,8.46,8.05,8.21,9.35,8.46,2000,8.46,8.425331979759394,-0.0015341814654039,0.0061287460394972,21
2024-06-12,8.3,8.4,8.19,8.46,9.35,8.3,1900,8.3,8.406050136719488,-0.0114185310812509,0.0026192906153475,21
2024-06-13,8.16,8.34,8.16,8.3,9.35,8.34,4750,8.34,8.395888577224182,-0.0158416707394639,-0.0010729016556147,21
2024-05-19,8.0,8.67,8.0,8.16,9.7,8.29,178395,8.29,8.372980985339167,-0.0242486880113226,0.0059581905978324,22
2024-05-20,8.29,8.63,8.29,8.29,9.7,8.63,3900,8.63,8.412522372210065,-0.0019495475589064,0.0043766429664846,22
2024-05-21,8.47,8.77,8.21,8.63,9.7,8.59,20300,8.59,8.439826622639286,0.0123526228532018,0.005971838943828,22
2024-05-22,8.59,8.59,8.26,8.59,9.7,8.34,4300,8.34,8.42446868069478,0.0034742364484046,0.0054723184447433,22
2024-05-26,8.19,8.39,8.19,8.34,9.7,8.24,4900,8.24,8.396088883664813,-0.0114985647114593,0.0020781418135028,22
2024-05-27,8.17,8.91,8.17,8.24,9.7,8.91,3300,8.91,8.475152132331765,0.0303489393907714,0.0077323013289565,22
2024-05-29,9.06,9.07,8.17,8.91,9.7,8.17,4300,8.17,8.42820565043457,0.0037582495632797,0.0069374909758211,22
2024-05-30,8.12,8.35,8.12,8.17,9.7,8.35,1900,8.35,8.416174011906175,-0.0027587666783528,0.0049982394449863,22
2024-06-02,8.23,8.4,8.23,8.35,9.7,8.4,4100,8.4,8.413685702382148,-0.003844648159081,0.0032296619241729,22
2024-06-03,8.35,8.41,8.27,8.4,9.7,8.27,7800,8.27,8.391580209707971,-0.0150219667190931,-0.0004206638044803,22
2024-06-04,8.26,8.59,8.26,8.27,9.7,8.59,2900,8.59,8.42210633129136,0.0019191308959296,4.729513560168021e-05,22
2024-06-05,8.75,8.75,8.75,8.59,9.51,8.75,100,8.75,8.47255151109269,0.0279337329487727,0.0056245826982358,22
2024-06-06,8.58,8.67,8.25,8.75,9.35,8.51,12274,8.51,8.478312817078429,0.0288519113896175,0.0102700484365122,22
2024-06-09,8.4,8.49,8.34,8.51,9.35,8.34,3800,8.34,8.457033922143285,0.0156812316906815,0.011352285087346,22
2024-06-10,8.18,8.34,8.18,8.34,9.35,8.21,1000,8.21,8.41902870335201,-0.0051867507707719,0.0080444779157224,22
2024-06-11,8.05,8.46,8.05,8.21,9.35,8.46,2000,8.46,8.425331979759394,-0.0015341814654039,0.0061287460394972,22
2024-06-12,8.3,8.4,8.19,8.46,9.35,8.3,1900,8.3,8.406050136719488,-0.0114185310812509,0.0026192906153475,22
2024-06-13,8.16,8.34,8.16,8.3,9.35,8.34,4750,8.34,8.395888577224182,-0.0158416707394639,-0.0010729016556147,22
2024-06-16,8.23,8.32,8.23,8.34,9.35,8.3,7250,8.3,8.381136488420463,-0.02231744487921,-0.0053218103003337,22
2024-06-18,8.46,8.46,8.22,8.3,9.35,8.22,2000,8.22,8.3563462594327,-0.0335184936225534,-0.0109611469647777,22
2024-05-20,8.29,8.63,8.29,8.29,9.7,8.63,3900,8.63,8.412522372210065,-0.0019495475589064,0.0043766429664846,23
2024-05-21,8.47,8.77,8.21,8.63,9.7,8.59,20300,8.59,8.439826622639286,0.0123526228532018,0.005971838943828,23
2024-05-22,8.59,8.59,8.26,8.59,9.7,8.34,4300,8.34,8.42446868069478,0.0034742364484046,0.0054723184447433,23
2024-05-26,8.19,8.39,8.19,8.34,9.7,8.24,4900,8.24,8.396088883664813,-0.0114985647114593,0.0020781418135028,23
2024-05-27,8.17,8.91,8.17,8.24,9.7,8.91,3300,8.91,8.475152132331765,0.0303489393907714,0.0077323013289565,23
2024-05-29,9.06,9.07,8.17,8.91,9.7,8.17,4300,8.17,8.42820565043457,0.0037582495632797,0.0069374909758211,23
2024-05-30,8.12,8.35,8.12,8.17,9.7,8.35,1900,8.35,8.416174011906175,-0.0027587666783528,0.0049982394449863,23
2024-06-02,8.23,8.4,8.23,8.35,9.7,8.4,4100,8.4,8.413685702382148,-0.003844648159081,0.0032296619241729,23
2024-06-03,8.35,8.41,8.27,8.4,9.7,8.27,7800,8.27,8.391580209707971,-0.0150219667190931,-0.0004206638044803,23
2024-06-04,8.26,8.59,8.26,8.27,9.7,8.59,2900,8.59,8.42210633129136,0.0019191308959296,4.729513560168021e-05,23
2024-06-05,8.75,8.75,8.75,8.59,9.51,8.75,100,8.75,8.47255151109269,0.0279337329487727,0.0056245826982358,23
2024-06-06,8.58,8.67,8.25,8.75,9.35,8.51,12274,8.51,8.478312817078429,0.0288519113896175,0.0102700484365122,23
2024-06-09,8.4,8.49,8.34,8.51,9.35,8.34,3800,8.34,8.457033922143285,0.0156812316906815,0.011352285087346,23
2024-06-10,8.18,8.34,8.18,8.34,9.35,8.21,1000,8.21,8.41902870335201,-0.0051867507707719,0.0080444779157224,23
2024-06-11,8.05,8.46,8.05,8.21,9.35,8.46,2000,8.46,8.425331979759394,-0.0015341814654039,0.0061287460394972,23
2024-06-12,8.3,8.4,8.19,8.46,9.35,8.3,1900,8.3,8.406050136719488,-0.0114185310812509,0.0026192906153475,23
2024-06-13,8.16,8.34,8.16,8.3,9.35,8.34,4750,8.34,8.395888577224182,-0.0158416707394639,-0.0010729016556147,23
2024-06-16,8.23,8.32,8.23,8.34,9.35,8.3,7250,8.3,8.381136488420463,-0.02231744487921,-0.0053218103003337,23
2024-06-18,8.46,8.46,8.22,8.3,9.35,8.22,2000,8.22,8.3563462594327,-0.0335184936225534,-0.0109611469647777,23
2024-06-19,8.22,8.22,8.22,8.22,9.35,8.22,1050,8.22,8.33536991182767,-0.0419122669271949,-0.0171513709572611,23
2024-05-21,8.47,8.77,8.21,8.63,9.7,8.59,20300,8.59,8.439826622639286,0.0123526228532018,0.005971838943828,24
2024-05-22,8.59,8.59,8.26,8.59,9.7,8.34,4300,8.34,8.42446868069478,0.0034742364484046,0.0054723184447433,24
2024-05-26,8.19,8.39,8.19,8.34,9.7,8.24,4900,8.24,8.396088883664813,-0.0114985647114593,0.0020781418135028,24
2024-05-27,8.17,8.91,8.17,8.24,9.7,8.91,3300,8.91,8.475152132331765,0.0303489393907714,0.0077323013289565,24
2024-05-29,9.06,9.07,8.17,8.91,9.7,8.17,4300,8.17,8.42820565043457,0.0037582495632797,0.0069374909758211,24
2024-05-30,8.12,8.35,8.12,8.17,9.7,8.35,1900,8.35,8.416174011906175,-0.0027587666783528,0.0049982394449863,24
2024-06-02,8.23,8.4,8.23,8.35,9.7,8.4,4100,8.4,8.413685702382148,-0.003844648159081,0.0032296619241729,24
2024-06-03,8.35,8.41,8.27,8.4,9.7,8.27,7800,8.27,8.391580209707971,-0.0150219667190931,-0.0004206638044803,24
2024-06-04,8.26,8.59,8.26,8.27,9.7,8.59,2900,8.59,8.42210633129136,0.0019191308959296,4.729513560168021e-05,24
2024-06-05,8.75,8.75,8.75,8.59,9.51,8.75,100,8.75,8.47255151109269,0.0279337329487727,0.0056245826982358,24
2024-06-06,8.58,8.67,8.25,8.75,9.35,8.51,12274,8.51,8.478312817078429,0.0288519113896175,0.0102700484365122,24
2024-06-09,8.4,8.49,8.34,8.51,9.35,8.34,3800,8.34,8.457033922143285,0.0156812316906815,0.011352285087346,24
2024-06-10,8.18,8.34,8.18,8.34,9.35,8.21,1000,8.21,8.41902870335201,-0.0051867507707719,0.0080444779157224,24
2024-06-11,8.05,8.46,8.05,8.21,9.35,8.46,2000,8.46,8.425331979759394,-0.0015341814654039,0.0061287460394972,24
2024-06-12,8.3,8.4,8.19,8.46,9.35,8.3,1900,8.3,8.406050136719488,-0.0114185310812509,0.0026192906153475,24
2024-06-13,8.16,8.34,8.16,8.3,9.35,8.34,4750,8.34,8.395888577224182,-0.0158416707394639,-0.0010729016556147,24
2024-06-16,8.23,8.32,8.23,8.34,9.35,8.3,7250,8.3,8.381136488420463,-0.02231744487921,-0.0053218103003337,24
2024-06-18,8.46,8.46,8.22,8.3,9.35,8.22,2000,8.22,8.3563462594327,-0.0335184936225534,-0.0109611469647777,24
2024-06-19,8.22,8.22,8.22,8.22,9.35,8.22,1050,8.22,8.33536991182767,-0.0419122669271949,-0.0171513709572611,24
2024-06-20,8.22,8.22,8.22,8.22,9.35,8.22,400,8.22,8.317620694623413,-0.0480109523718308,-0.0233232872401751,24
2024-05-27,8.17,8.91,8.17,8.24,9.7,8.91,3300,8.91,8.475152132331765,0.0303489393907714,0.0077323013289565,25
2024-05-29,9.06,9.07,8.17,8.91,9.7,8.17,4300,8.17,8.42820565043457,0.0037582495632797,0.0069374909758211,25
2024-05-30,8.12,8.35,8.12,8.17,9.7,8.35,1900,8.35,8.416174011906175,-0.0027587666783528,0.0049982394449863,25
2024-06-02,8.23,8.4,8.23,8.35,9.7,8.4,4100,8.4,8.413685702382148,-0.003844648159081,0.0032296619241729,25
2024-06-03,8.35,8.41,8.27,8.4,9.7,8.27,7800,8.27,8.391580209707971,-0.0150219667190931,-0.0004206638044803,25
2024-06-04,8.26,8.59,8.26,8.27,9.7,8.59,2900,8.59,8.42210633129136,0.0019191308959296,4.729513560168021e-05,25
2024-06-05,8.75,8.75,8.75,8.59,9.51,8.75,100,8.75,8.47255151109269,0.0279337329487727,0.0056245826982358,25
2024-06-06,8.58,8.67,8.25,8.75,9.35,8.51,12274,8.51,8.478312817078429,0.0288519113896175,0.0102700484365122,25
2024-06-09,8.4,8.49,8.34,8.51,9.35,8.34,3800,8.34,8.457033922143285,0.0156812316906815,0.011352285087346,25
2024-06-10,8.18,8.34,8.18,8.34,9.35,8.21,1000,8.21,8.41902870335201,-0.0051867507707719,0.0080444779157224,25
2024-06-11,8.05,8.46,8.05,8.21,9.35,8.46,2000,8.46,8.425331979759394,-0.0015341814654039,0.0061287460394972,25
2024-06-12,8.3,8.4,8.19,8.46,9.35,8.3,1900,8.3,8.406050136719488,-0.0114185310812509,0.0026192906153475,25
2024-06-13,8.16,8.34,8.16,8.3,9.35,8.34,4750,8.34,8.395888577224182,-0.0158416707394639,-0.0010729016556147,25
2024-06-16,8.23,8.32,8.23,8.34,9.35,8.3,7250,8.3,8.381136488420463,-0.02231744487921,-0.0053218103003337,25
2024-06-18,8.46,8.46,8.22,8.3,9.35,8.22,2000,8.22,8.3563462594327,-0.0335184936225534,-0.0109611469647777,25
2024-06-19,8.22,8.22,8.22,8.22,9.35,8.22,1050,8.22,8.33536991182767,-0.0419122669271949,-0.0171513709572611,25
2024-06-20,8.22,8.22,8.22,8.22,9.35,8.22,400,8.22,8.317620694623413,-0.0480109523718308,-0.0233232872401751,25
2024-06-23,8.21,8.25,8.21,8.22,9.35,8.22,3000,8.22,8.30260212621981,-0.052241991368378,-0.0291070280658156,25
2024-06-24,8.22,8.54,8.22,8.22,9.35,8.37,5900,8.37,8.3129710298783,-0.0429957456663174,-0.031884771585916,25
2024-06-25,8.21,8.53,8.06,8.37,9.35,8.53,2700,8.53,8.346360102204715,-0.0224980232995601,-0.0300074219286448,25
2024-05-30,8.12,8.35,8.12,8.17,9.7,8.35,1900,8.35,8.416174011906175,-0.0027587666783528,0.0049982394449863,26
2024-06-02,8.23,8.4,8.23,8.35,9.7,8.4,4100,8.4,8.413685702382148,-0.003844648159081,0.0032296619241729,26
2024-06-03,8.35,8.41,8.27,8.4,9.7,8.27,7800,8.27,8.391580209707971,-0.0150219667190931,-0.0004206638044803,26
2024-06-04,8.26,8.59,8.26,8.27,9.7,8.59,2900,8.59,8.42210633129136,0.0019191308959296,4.729513560168021e-05,26
2024-06-05,8.75,8.75,8.75,8.59,9.51,8.75,100,8.75,8.47255151109269,0.0279337329487727,0.0056245826982358,26
2024-06-06,8.58,8.67,8.25,8.75,9.35,8.51,12274,8.51,8.478312817078429,0.0288519113896175,0.0102700484365122,26
2024-06-09,8.4,8.49,8.34,8.51,9.35,8.34,3800,8.34,8.457033922143285,0.0156812316906815,0.011352285087346,26
2024-06-10,8.18,8.34,8.18,8.34,9.35,8.21,1000,8.21,8.41902870335201,-0.0051867507707719,0.0080444779157224,26
2024-06-11,8.05,8.46,8.05,8.21,9.35,8.46,2000,8.46,8.425331979759394,-0.0015341814654039,0.0061287460394972,26
2024-06-12,8.3,8.4,8.19,8.46,9.35,8.3,1900,8.3,8.406050136719488,-0.0114185310812509,0.0026192906153475,26
2024-06-13,8.16,8.34,8.16,8.3,9.35,8.34,4750,8.34,8.395888577224182,-0.0158416707394639,-0.0010729016556147,26
2024-06-16,8.23,8.32,8.23,8.34,9.35,8.3,7250,8.3,8.381136488420463,-0.02231744487921,-0.0053218103003337,26
2024-06-18,8.46,8.46,8.22,8.3,9.35,8.22,2000,8.22,8.3563462594327,-0.0335184936225534,-0.0109611469647777,26
2024-06-19,8.22,8.22,8.22,8.22,9.35,8.22,1050,8.22,8.33536991182767,-0.0419122669271949,-0.0171513709572611,26
2024-06-20,8.22,8.22,8.22,8.22,9.35,8.22,400,8.22,8.317620694623413,-0.0480109523718308,-0.0233232872401751,26
2024-06-23,8.21,8.25,8.21,8.22,9.35,8.22,3000,8.22,8.30260212621981,-0.052241991368378,-0.0291070280658156,26
2024-06-24,8.22,8.54,8.22,8.22,9.35,8.37,5900,8.37,8.3129710298783,-0.0429957456663174,-0.031884771585916,26
2024-06-25,8.21,8.53,8.06,8.37,9.35,8.53,2700,8.53,8.346360102204715,-0.0224980232995601,-0.0300074219286448,26
2024-06-26,8.36,8.69,8.22,8.53,9.35,8.69,2900,8.69,8.399227778788605,0.0065813662846476,-0.0226896642859863,26
2024-06-27,8.86,8.86,8.52,8.69,9.35,8.52,15600,8.52,8.417808120513435,0.015728108935697,-0.0150061096416496,26
2024-06-04,8.26,8.59,8.26,8.27,9.7,8.59,2900,8.59,8.42210633129136,0.0019191308959296,4.729513560168021e-05,27
2024-06-05,8.75,8.75,8.75,8.59,9.51,8.75,100,8.75,8.47255151109269,0.0279337329487727,0.0056245826982358,27
2024-06-06,8.58,8.67,8.25,8.75,9.35,8.51,12274,8.51,8.478312817078429,0.0288519113896175,0.0102700484365122,27
2024-06-09,8.4,8.49,8.34,8.51,9.35,8.34,3800,8.34,8.457033922143285,0.0156812316906815,0.011352285087346,27
2024-06-10,8.18,8.34,8.18,8.34,9.35,8.21,1000,8.21,8.41902870335201,-0.0051867507707719,0.0080444779157224,27
2024-06-11,8.05,8.46,8.05,8.21,9.35,8.46,2000,8.46,8.425331979759394,-0.0015341814654039,0.0061287460394972,27
2024-06-12,8.3,8.4,8.19,8.46,9.35,8.3,1900,8.3,8.406050136719488,-0.0114185310812509,0.0026192906153475,27
2024-06-13,8.16,8.34,8.16,8.3,9.35,8.34,4750,8.34,8.395888577224182,-0.0158416707394639,-0.0010729016556147,27
2024-06-16,8.23,8.32,8.23,8.34,9.35,8.3,7250,8.3,8.381136488420463,-0.02231744487921,-0.0053218103003337,27
2024-06-18,8.46,8.46,8.22,8.3,9.35,8.22,2000,8.22,8.3563462594327,-0.0335184936225534,-0.0109611469647777,27
2024-06-19,8.22,8.22,8.22,8.22,9.35,8.22,1050,8.22,8.33536991182767,-0.0419122669271949,-0.0171513709572611,27
2024-06-20,8.22,8.22,8.22,8.22,9.35,8.22,400,8.22,8.317620694623413,-0.0480109523718308,-0.0233232872401751,27
2024-06-23,8.21,8.25,8.21,8.22,9.35,8.22,3000,8.22,8.30260212621981,-0.052241991368378,-0.0291070280658156,27
2024-06-24,8.22,8.54,8.22,8.22,9.35,8.37,5900,8.37,8.3129710298783,-0.0429957456663174,-0.031884771585916,27
2024-06-25,8.21,8.53,8.06,8.37,9.35,8.53,2700,8.53,8.346360102204715,-0.0224980232995601,-0.0300074219286448,27
2024-06-26,8.36,8.69,8.22,8.53,9.35,8.69,2900,8.69,8.399227778788605,0.0065813662846476,-0.0226896642859863,27
2024-06-27,8.86,8.86,8.52,8.69,9.35,8.52,15600,8.52,8.417808120513435,0.015728108935697,-0.0150061096416496,27
2024-06-30,8.35,8.36,8.2,8.52,9.35,8.27,1710,8.27,8.395068409665214,0.002772102648791,-0.0114504671835615,27
2024-07-01,8.15,8.47,8.15,8.27,9.35,8.4,14000,8.4,8.395827115870565,0.0029601649294335,-0.0085683407609625,27
2024-07-02,8.56,8.73,8.56,8.4,9.35,8.7,9400,8.7,8.44262294419817,0.0270053970304555,-0.0014535932026789,27
2024-07-10,8.85,8.95,8.65,8.95,9.35,8.66,7100,8.66,8.637744498621482,0.1016302807012898,0.0600743016335,28
2024-07-11,8.5,8.93,8.49,8.66,9.35,8.78,15000,8.78,8.659629960372023,0.1054501289644385,0.0691494670996877,28
2024-07-14,8.88,9.05,8.63,8.78,9.35,9.04,52724,9.04,8.718148428007096,0.1279819174445187,0.0809159571686539,28
2024-07-15,8.86,9.58,8.68,9.04,9.58,9.1,28200,9.1,8.776894823698312,0.1489628694737046,0.094525339629664,28
2024-07-16,8.93,9.1,8.59,9.1,9.58,9.1,13150,9.1,8.82660331236011,0.163703354744733,0.1083609426526778,28
2024-07-17,8.93,9.28,8.92,9.1,9.58,9.1,8400,9.1,8.868664341227785,0.1733866026950288,0.121366074661148,28
2024-07-18,9.25,9.46,9.0,9.1,9.58,9.46,41260,9.46,8.959639057961972,0.2077152259871972,0.1386359049263579,28
2024-07-21,9.28,9.64,8.85,9.46,9.64,8.9,179400,8.9,8.950463818275514,0.1875713812618329,0.1484230001934529,28
2024-07-22,9.0,9.36,8.73,8.9,9.64,9.12,143455,9.12,8.976546307771589,0.1872014586848465,0.1561786918917316,28
2024-07-23,8.95,10.03,8.85,9.12,10.03,10.03,161700,10.03,9.13861610657596,0.2573708759400865,0.1764171287014026,28
2024-07-24,9.83,10.01,9.12,10.03,10.03,9.81,21230,9.81,9.241905936333504,0.291864056115104,0.1995065141841429,28
2024-07-25,9.63,9.63,9.14,9.81,10.03,9.58,1127000,9.58,9.29392040766681,0.2972149630201439,0.2190482039513431,28
2024-07-28,9.39,10.14,9.25,9.58,10.14,10.12,109000,10.12,9.42100957571807,0.3410971269711567,0.2434579885553059,28
2024-07-29,10.1,10.4,9.62,10.12,10.4,10.38,167330,10.38,9.568546564069138,0.3923313337479222,0.2732326575938292,28
2024-07-30,10.18,10.18,9.44,10.38,10.4,9.89,8700,9.89,9.618000938827732,0.3889127626043844,0.2963686785959403,28
2024-07-31,9.7,10.2,9.66,9.89,10.4,10.2,554430,10.2,9.707539255931158,0.4065316853539844,0.3184012799475491,28
2024-08-01,10.4,10.6,9.95,10.2,10.6,10.0,253100,10.0,9.752533216557133,0.3997484289856761,0.3346707097551745,28
2024-08-05,9.83,9.83,9.5,10.0,10.6,9.69,32500,9.69,9.74291272170219,0.3651490295063961,0.3407663737054188,28
2024-08-06,9.5,10.14,9.5,9.69,10.6,9.66,75100,9.66,9.730156918363392,0.3314868329969158,0.3389104655637183,28
2024-08-07,9.8,10.0,9.47,9.66,10.6,9.71,76750,9.71,9.727055853999794,0.3053242934752802,0.3321932311460307,28
2024-07-16,8.93,9.1,8.59,9.1,9.58,9.1,13150,9.1,8.82660331236011,0.163703354744733,0.1083609426526778,29
2024-07-17,8.93,9.28,8.92,9.1,9.58,9.1,8400,9.1,8.868664341227785,0.1733866026950288,0.121366074661148,29
2024-07-18,9.25,9.46,9.0,9.1,9.58,9.46,41260,9.46,8.959639057961972,0.2077152259871972,0.1386359049263579,29
2024-07-21,9.28,9.64,8.85,9.46,9.64,8.9,179400,8.9,8.950463818275514,0.1875713812618329,0.1484230001934529,29
2024-07-22,9.0,9.36,8.73,8.9,9.64,9.12,143455,9.12,8.976546307771589,0.1872014586848465,0.1561786918917316,29
2024-07-23,8.95,10.03,8.85,9.12,10.03,10.03,161700,10.03,9.13861610657596,0.2573708759400865,0.1764171287014026,29
2024-07-24,9.83,10.01,9.12,10.03,10.03,9.81,21230,9.81,9.241905936333504,0.291864056115104,0.1995065141841429,29
2024-07-25,9.63,9.63,9.14,9.81,10.03,9.58,1127000,9.58,9.29392040766681,0.2972149630201439,0.2190482039513431,29
2024-07-28,9.39,10.14,9.25,9.58,10.14,10.12,109000,10.12,9.42100957571807,0.3410971269711567,0.2434579885553059,29
2024-07-29,10.1,10.4,9.62,10.12,10.4,10.38,167330,10.38,9.568546564069138,0.3923313337479222,0.2732326575938292,29
2024-07-30,10.18,10.18,9.44,10.38,10.4,9.89,8700,9.89,9.618000938827732,0.3889127626043844,0.2963686785959403,29
2024-07-31,9.7,10.2,9.66,9.89,10.4,10.2,554430,10.2,9.707539255931158,0.4065316853539844,0.3184012799475491,29
2024-08-01,10.4,10.6,9.95,10.2,10.6,10.0,253100,10.0,9.752533216557133,0.3997484289856761,0.3346707097551745,29
2024-08-05,9.83,9.83,9.5,10.0,10.6,9.69,32500,9.69,9.74291272170219,0.3651490295063961,0.3407663737054188,29
2024-08-06,9.5,10.14,9.5,9.69,10.6,9.66,75100,9.66,9.730156918363392,0.3314868329969158,0.3389104655637183,29
2024-08-07,9.8,10.0,9.47,9.66,10.6,9.71,76750,9.71,9.727055853999794,0.3053242934752802,0.3321932311460307,29
2024-08-08,9.7,10.0,9.56,9.71,10.6,9.99,119030,9.99,9.767508799538287,0.3036832805341074,0.3264912410236461,29
2024-08-11,9.8,10.08,9.7,9.99,10.6,9.89,29100,9.89,9.78635359960932,0.2909596005313766,0.3193849129251922,29
2024-08-12,9.71,10.27,9.61,9.89,10.6,10.18,70500,10.18,9.846914584284807,0.300809029583009,0.3156697362567556,29
2024-08-13,10.0,10.38,9.79,10.18,10.6,10.02,27700,10.02,9.873543109779456,0.2923342628333429,0.3110026415720731,29
2024-07-22,9.0,9.36,8.73,8.9,9.64,9.12,143455,9.12,8.976546307771589,0.1872014586848465,0.1561786918917316,30
2024-07-23,8.95,10.03,8.85,9.12,10.03,10.03,161700,10.03,9.13861610657596,0.2573708759400865,0.1764171287014026,30
2024-07-24,9.83,10.01,9.12,10.03,10.03,9.81,21230,9.81,9.241905936333504,0.291864056115104,0.1995065141841429,30
2024-07-25,9.63,9.63,9.14,9.81,10.03,9.58,1127000,9.58,9.29392040766681,0.2972149630201439,0.2190482039513431,30
2024-07-28,9.39,10.14,9.25,9.58,10.14,10.12,109000,10.12,9.42100957571807,0.3410971269711567,0.2434579885553059,30
2024-07-29,10.1,10.4,9.62,10.12,10.4,10.38,167330,10.38,9.568546564069138,0.3923313337479222,0.2732326575938292,30
2024-07-30,10.18,10.18,9.44,10.38,10.4,9.89,8700,9.89,9.618000938827732,0.3889127626043844,0.2963686785959403,30
2024-07-31,9.7,10.2,9.66,9.89,10.4,10.2,554430,10.2,9.707539255931158,0.4065316853539844,0.3184012799475491,30
2024-08-01,10.4,10.6,9.95,10.2,10.6,10.0,253100,10.0,9.752533216557133,0.3997484289856761,0.3346707097551745,30
2024-08-05,9.83,9.83,9.5,10.0,10.6,9.69,32500,9.69,9.74291272170219,0.3651490295063961,0.3407663737054188,30
2024-08-06,9.5,10.14,9.5,9.69,10.6,9.66,75100,9.66,9.730156918363392,0.3314868329969158,0.3389104655637183,30
2024-08-07,9.8,10.0,9.47,9.66,10.6,9.71,76750,9.71,9.727055853999794,0.3053242934752802,0.3321932311460307,30
2024-08-08,9.7,10.0,9.56,9.71,10.6,9.99,119030,9.99,9.767508799538287,0.3036832805341074,0.3264912410236461,30
2024-08-11,9.8,10.08,9.7,9.99,10.6,9.89,29100,9.89,9.78635359960932,0.2909596005313766,0.3193849129251922,30
2024-08-12,9.71,10.27,9.61,9.89,10.6,10.18,70500,10.18,9.846914584284807,0.300809029583009,0.3156697362567556,30
2024-08-13,10.0,10.38,9.79,10.18,10.6,10.02,27700,10.02,9.873543109779456,0.2923342628333429,0.3110026415720731,30
2024-08-14,9.9,10.0,9.65,10.02,10.6,9.83,223600,9.83,9.866844169813383,0.2672063485669831,0.3022433829710551,30
2024-08-15,9.7,10.3,9.7,9.83,10.6,10.2,124035,10.2,9.918098912919016,0.2739898191723497,0.296592670211314,30
2024-08-18,10.0,10.21,9.82,10.2,10.6,10.2,353400,10.2,9.961468310931474,0.2761821130178958,0.2925105587726304,30
2024-08-21,10.2,10.3,9.96,10.2,10.6,10.2,191305,10.2,9.998165493865091,0.2747523476488176,0.2889589165478679,30
2024-07-30,10.18,10.18,9.44,10.38,10.4,9.89,8700,9.89,9.618000938827732,0.3889127626043844,0.2963686785959403,31
2024-07-31,9.7,10.2,9.66,9.89,10.4,10.2,554430,10.2,9.707539255931158,0.4065316853539844,0.3184012799475491,31
2024-08-01,10.4,10.6,9.95,10.2,10.6,10.0,253100,10.0,9.752533216557133,0.3997484289856761,0.3346707097551745,31
2024-08-05,9.83,9.83,9.5,10.0,10.6,9.69,32500,9.69,9.74291272170219,0.3651490295063961,0.3407663737054188,31
2024-08-06,9.5,10.14,9.5,9.69,10.6,9.66,75100,9.66,9.730156918363392,0.3314868329969158,0.3389104655637183,31
2024-08-07,9.8,10.0,9.47,9.66,10.6,9.71,76750,9.71,9.727055853999794,0.3053242934752802,0.3321932311460307,31
2024-08-08,9.7,10.0,9.56,9.71,10.6,9.99,119030,9.99,9.767508799538287,0.3036832805341074,0.3264912410236461,31
2024-08-11,9.8,10.08,9.7,9.99,10.6,9.89,29100,9.89,9.78635359960932,0.2909596005313766,0.3193849129251922,31
2024-08-12,9.71,10.27,9.61,9.89,10.6,10.18,70500,10.18,9.846914584284807,0.300809029583009,0.3156697362567556,31
2024-08-13,10.0,10.38,9.79,10.18,10.6,10.02,27700,10.02,9.873543109779456,0.2923342628333429,0.3110026415720731,31
2024-08-14,9.9,10.0,9.65,10.02,10.6,9.83,223600,9.83,9.866844169813383,0.2672063485669831,0.3022433829710551,31
2024-08-15,9.7,10.3,9.7,9.83,10.6,10.2,124035,10.2,9.918098912919016,0.2739898191723497,0.296592670211314,31
2024-08-18,10.0,10.21,9.82,10.2,10.6,10.2,353400,10.2,9.961468310931474,0.2761821130178958,0.2925105587726304,31
2024-08-21,10.2,10.3,9.96,10.2,10.6,10.2,191305,10.2,9.998165493865091,0.2747523476488176,0.2889589165478679,31
2024-08-22,10.05,10.37,10.05,10.2,10.6,10.34,87000,10.34,10.050755417885847,0.2816691713892965,0.2875009675161536,31
2024-08-25,10.14,10.54,10.04,10.34,10.6,10.5,690270,10.5,10.119869968980332,0.2966419629650083,0.2893291666059245,31
2024-08-27,10.29,10.29,9.93,10.5,10.6,9.99,181150,9.99,10.099889973752587,0.2643084867013634,0.2843250306250123,31
2024-08-28,9.8,10.39,9.8,9.99,10.6,10.3,706070,10.3,10.130676131636806,0.2606932732560416,0.2795986791512182,31
2024-08-29,10.1,10.29,9.95,10.3,10.6,10.29,23220,10.29,10.155187496000377,0.254092256758927,0.27449739467276,31
2024-09-01,10.09,10.19,10.0,10.29,10.6,10.0,227220,10.0,10.1313124966157,0.2228909787995459,0.2641761114981172,31
2024-08-06,9.5,10.14,9.5,9.69,10.6,9.66,75100,9.66,9.730156918363392,0.3314868329969158,0.3389104655637183,32
2024-08-07,9.8,10.0,9.47,9.66,10.6,9.71,76750,9.71,9.727055853999794,0.3053242934752802,0.3321932311460307,32
2024-08-08,9.7,10.0,9.56,9.71,10.6,9.99,119030,9.99,9.767508799538287,0.3036832805341074,0.3264912410236461,32
2024-08-11,9.8,10.08,9.7,9.99,10.6,9.89,29100,9.89,9.78635359960932,0.2909596005313766,0.3193849129251922,32
2024-08-12,9.71,10.27,9.61,9.89,10.6,10.18,70500,10.18,9.846914584284807,0.300809029583009,0.3156697362567556,32
2024-08-13,10.0,10.38,9.79,10.18,10.6,10.02,27700,10.02,9.873543109779456,0.2923342628333429,0.3110026415720731,32
2024-08-14,9.9,10.0,9.65,10.02,10.6,9.83,223600,9.83,9.866844169813383,0.2672063485669831,0.3022433829710551,32
2024-08-15,9.7,10.3,9.7,9.83,10.6,10.2,124035,10.2,9.918098912919016,0.2739898191723497,0.296592670211314,32
2024-08-18,10.0,10.21,9.82,10.2,10.6,10.2,353400,10.2,9.961468310931474,0.2761821130178958,0.2925105587726304,32
2024-08-21,10.2,10.3,9.96,10.2,10.6,10.2,191305,10.2,9.998165493865091,0.2747523476488176,0.2889589165478679,32
2024-08-22,10.05,10.37,10.05,10.2,10.6,10.34,87000,10.34,10.050755417885847,0.2816691713892965,0.2875009675161536,32
2024-08-25,10.14,10.54,10.04,10.34,10.6,10.5,690270,10.5,10.119869968980332,0.2966419629650083,0.2893291666059245,32
2024-08-27,10.29,10.29,9.93,10.5,10.6,9.99,181150,9.99,10.099889973752587,0.2643084867013634,0.2843250306250123,32
2024-08-28,9.8,10.39,9.8,9.99,10.6,10.3,706070,10.3,10.130676131636806,0.2606932732560416,0.2795986791512182,32
2024-08-29,10.1,10.29,9.95,10.3,10.6,10.29,23220,10.29,10.155187496000377,0.254092256758927,0.27449739467276,32
2024-09-01,10.09,10.19,10.0,10.29,10.6,10.0,227220,10.0,10.1313124966157,0.2228909787995459,0.2641761114981172,32
2024-09-02,10.0,10.25,9.89,10.0,10.6,10.25,28950,10.25,10.149572112520977,0.2158484849134261,0.254510586181179,32
2024-09-03,10.08,10.35,10.08,10.25,10.6,10.35,12850,10.35,10.180407172133132,0.2158482576816993,0.2467781204812831,32
2024-09-04,10.16,10.2,10.07,10.35,10.6,10.07,96675,10.07,10.16342145334342,0.1910520881106112,0.2356329140071487,32
2024-09-05,10.06,10.18,9.92,10.07,10.6,10.18,23200,10.18,10.165971998982894,0.1782225867302926,0.2241508485517775,32
2024-08-15,9.7,10.3,9.7,9.83,10.6,10.2,124035,10.2,9.918098912919016,0.2739898191723497,0.296592670211314,33
2024-08-18,10.0,10.21,9.82,10.2,10.6,10.2,353400,10.2,9.961468310931474,0.2761821130178958,0.2925105587726304,33
2024-08-21,10.2,10.3,9.96,10.2,10.6,10.2,191305,10.2,9.998165493865091,0.2747523476488176,0.2889589165478679,33
2024-08-22,10.05,10.37,10.05,10.2,10.6,10.34,87000,10.34,10.050755417885847,0.2816691713892965,0.2875009675161536,33
2024-08-25,10.14,10.54,10.04,10.34,10.6,10.5,690270,10.5,10.119869968980332,0.2966419629650083,0.2893291666059245,33
2024-08-27,10.29,10.29,9.93,10.5,10.6,9.99,181150,9.99,10.099889973752587,0.2643084867013634,0.2843250306250123,33
2024-08-28,9.8,10.39,9.8,9.99,10.6,10.3,706070,10.3,10.130676131636806,0.2606932732560416,0.2795986791512182,33
2024-08-29,10.1,10.29,9.95,10.3,10.6,10.29,23220,10.29,10.155187496000377,0.254092256758927,0.27449739467276,33
2024-09-01,10.09,10.19,10.0,10.29,10.6,10.0,227220,10.0,10.1313124966157,0.2228909787995459,0.2641761114981172,33
2024-09-02,10.0,10.25,9.89,10.0,10.6,10.25,28950,10.25,10.149572112520977,0.2158484849134261,0.254510586181179,33
2024-09-03,10.08,10.35,10.08,10.25,10.6,10.35,12850,10.35,10.180407172133132,0.2158482576816993,0.2467781204812831,33
2024-09-04,10.16,10.2,10.07,10.35,10.6,10.07,96675,10.07,10.16342145334342,0.1910520881106112,0.2356329140071487,33
2024-09-05,10.06,10.18,9.92,10.07,10.6,10.18,23200,10.18,10.165971998982894,0.1782225867302926,0.2241508485517775,33
2024-09-08,10.0,10.09,9.85,10.18,10.6,10.05,12650,10.05,10.148130152985525,0.1557695860849666,0.2104745960584153,33
2024-09-09,10.0,10.0,9.86,10.05,10.6,9.88,19200,9.88,10.10687936021852,0.1228417982735603,0.1929480365014443,33
2024-09-10,10.05,10.2,9.72,9.88,10.6,10.2,47280,10.2,10.121205612492597,0.1211708329139291,0.1785925957839413,33
2024-09-11,10.0,10.27,9.82,10.2,10.6,10.27,7950,10.27,10.144097056724505,0.1240648534109229,0.1676870473093376,33
2024-09-12,10.27,10.35,10.0,10.27,10.6,10.29,430730,10.29,10.166543663382273,0.1265138454993284,0.1594524069473358,33
2024-09-15,10.3,10.3,9.9,10.29,10.6,10.0,17600,10.0,10.14092156132346,0.1038569151355499,0.1483333085849786,33
2024-09-16,10.0,10.1,9.52,10.0,10.6,10.0,13300,10.0,10.119241321119851,0.0849222042791932,0.1356510877238216,33
2024-08-25,10.14,10.54,10.04,10.34,10.6,10.5,690270,10.5,10.119869968980332,0.2966419629650083,0.2893291666059245,34
2024-08-27,10.29,10.29,9.93,10.5,10.6,9.99,181150,9.99,10.099889973752587,0.2643084867013634,0.2843250306250123,34
2024-08-28,9.8,10.39,9.8,9.99,10.6,10.3,706070,10.3,10.130676131636806,0.2606932732560416,0.2795986791512182,34
2024-08-29,10.1,10.29,9.95,10.3,10.6,10.29,23220,10.29,10.155187496000377,0.254092256758927,0.27449739467276,34
2024-09-01,10.09,10.19,10.0,10.29,10.6,10.0,227220,10.0,10.1313124966157,0.2228909787995459,0.2641761114981172,34
2024-09-02,10.0,10.25,9.89,10.0,10.6,10.25,28950,10.25,10.149572112520977,0.2158484849134261,0.254510586181179,34
2024-09-03,10.08,10.35,10.08,10.25,10.6,10.35,12850,10.35,10.180407172133132,0.2158482576816993,0.2467781204812831,34
2024-09-04,10.16,10.2,10.07,10.35,10.6,10.07,96675,10.07,10.16342145334342,0.1910520881106112,0.2356329140071487,34
2024-09-05,10.06,10.18,9.92,10.07,10.6,10.18,23200,10.18,10.165971998982894,0.1782225867302926,0.2241508485517775,34
2024-09-08,10.0,10.09,9.85,10.18,10.6,10.05,12650,10.05,10.148130152985525,0.1557695860849666,0.2104745960584153,34
2024-09-09,10.0,10.0,9.86,10.05,10.6,9.88,19200,9.88,10.10687936021852,0.1228417982735603,0.1929480365014443,34
2024-09-10,10.05,10.2,9.72,9.88,10.6,10.2,47280,10.2,10.121205612492597,0.1211708329139291,0.1785925957839413,34
2024-09-11,10.0,10.27,9.82,10.2,10.6,10.27,7950,10.27,10.144097056724505,0.1240648534109229,0.1676870473093376,34
2024-09-12,10.27,10.35,10.0,10.27,10.6,10.29,430730,10.29,10.166543663382273,0.1265138454993284,0.1594524069473358,34
2024-09-15,10.3,10.3,9.9,10.29,10.6,10.0,17600,10.0,10.14092156132346,0.1038569151355499,0.1483333085849786,34
2024-09-16,10.0,10.1,9.52,10.0,10.6,10.0,13300,10.0,10.119241321119851,0.0849222042791932,0.1356510877238216,34
2024-09-18,10.0,10.1,9.9,10.0,10.6,10.1,2300,10.1,10.116281117870644,0.0770967504255892,0.1239402202641751,34
2024-09-22,10.0,10.09,9.71,10.1,10.6,9.81,11175,9.81,10.069160945890545,0.0469531982562347,0.108542815862587,34
2024-09-23,9.63,10.0,9.44,9.81,10.6,10.0,2500,10.0,10.058520800368925,0.0379580710778952,0.0944258669056487,34
2024-09-24,10.0,10.18,9.48,10.0,10.6,10.18,72500,10.18,10.077209908004471,0.0448370105127811,0.0845080956270752,34
2024-09-11,10.0,10.27,9.82,10.2,10.6,10.27,7950,10.27,10.144097056724505,0.1240648534109229,0.1676870473093376,35
2024-09-12,10.27,10.35,10.0,10.27,10.6,10.29,430730,10.29,10.166543663382273,0.1265138454993284,0.1594524069473358,35
2024-09-15,10.3,10.3,9.9,10.29,10.6,10.0,17600,10.0,10.14092156132346,0.1038569151355499,0.1483333085849786,35
2024-09-16,10.0,10.1,9.52,10.0,10.6,10.0,13300,10.0,10.119241321119851,0.0849222042791932,0.1356510877238216,35
2024-09-18,10.0,10.1,9.9,10.0,10.6,10.1,2300,10.1,10.116281117870644,0.0770967504255892,0.1239402202641751,35
2024-09-22,10.0,10.09,9.71,10.1,10.6,9.81,11175,9.81,10.069160945890545,0.0469531982562347,0.108542815862587,35
2024-09-23,9.63,10.0,9.44,9.81,10.6,10.0,2500,10.0,10.058520800368925,0.0379580710778952,0.0944258669056487,35
2024-09-24,10.0,10.18,9.48,10.0,10.6,10.18,72500,10.18,10.077209908004471,0.0448370105127811,0.0845080956270752,35
2024-09-25,10.37,10.37,9.66,10.18,10.6,9.66,126500,9.66,10.013023768311475,0.0082340484117615,0.0692532861840124,35
2024-09-26,9.52,9.6,9.52,9.66,10.6,9.6,1800,9.6,9.94948165010971,-0.0253236460937298,0.050337899728464,35
2024-09-29,9.47,9.78,9.29,9.6,10.6,9.47,53500,9.47,9.875715242400524,-0.0616970688989582,0.0279309060029795,35
2024-09-30,9.47,9.47,9.0,9.47,10.6,9.01,9200,9.01,9.742528282031213,-0.1261868210238645,-0.0028926394023892,35
2024-10-01,8.84,9.46,8.84,9.01,10.6,9.46,3400,9.46,9.69906239248795,-0.1393775177482332,-0.030189615071558,35
2024-10-02,9.28,9.28,9.1,9.46,10.6,9.12,11100,9.12,9.609975870566728,-0.1752462685408513,-0.0592009457654167,35
2024-10-06,9.0,9.48,9.0,9.12,10.6,9.48,102200,9.48,9.58997958278723,-0.1726335089790467,-0.0818874584081427,35
2024-10-07,9.3,9.47,9.0,9.48,10.6,9.47,9550,9.47,9.571521185435348,-0.169416862496389,-0.099393339225792,35
2024-10-08,9.47,9.65,9.14,9.47,10.6,9.41,11300,9.41,9.546671772291448,-0.1697523461638646,-0.1134651406134065,35
2024-10-09,9.25,9.25,9.25,9.41,10.6,9.25,200,9.25,9.501029961169683,-0.1808442225852324,-0.1269409570077717,35
2024-10-15,9.07,9.08,9.01,9.25,10.6,9.01,1300,9.01,9.425486890220505,-0.2066188354784959,-0.1428765327019165,35
2024-10-16,9.19,9.37,9.19,9.01,10.6,9.25,1800,9.25,9.398488907109655,-0.2053126907597882,-0.1553637643134908,35
2024-09-15,10.3,10.3,9.9,10.29,10.6,10.0,17600,10.0,10.14092156132346,0.1038569151355499,0.1483333085849786,36
2024-09-16,10.0,10.1,9.52,10.0,10.6,10.0,13300,10.0,10.119241321119851,0.0849222042791932,0.1356510877238216,36
2024-09-18,10.0,10.1,9.9,10.0,10.6,10.1,2300,10.1,10.116281117870644,0.0770967504255892,0.1239402202641751,36
2024-09-22,10.0,10.09,9.71,10.1,10.6,9.81,11175,9.81,10.069160945890545,0.0469531982562347,0.108542815862587,36
2024-09-23,9.63,10.0,9.44,9.81,10.6,10.0,2500,10.0,10.058520800368925,0.0379580710778952,0.0944258669056487,36
2024-09-24,10.0,10.18,9.48,10.0,10.6,10.18,72500,10.18,10.077209908004471,0.0448370105127811,0.0845080956270752,36
2024-09-25,10.37,10.37,9.66,10.18,10.6,9.66,126500,9.66,10.013023768311475,0.0082340484117615,0.0692532861840124,36
2024-09-26,9.52,9.6,9.52,9.66,10.6,9.6,1800,9.6,9.94948165010971,-0.0253236460937298,0.050337899728464,36
2024-09-29,9.47,9.78,9.29,9.6,10.6,9.47,53500,9.47,9.875715242400524,-0.0616970688989582,0.0279309060029795,36
2024-09-30,9.47,9.47,9.0,9.47,10.6,9.01,9200,9.01,9.742528282031213,-0.1261868210238645,-0.0028926394023892,36
2024-10-01,8.84,9.46,8.84,9.01,10.6,9.46,3400,9.46,9.69906239248795,-0.1393775177482332,-0.030189615071558,36
2024-10-02,9.28,9.28,9.1,9.46,10.6,9.12,11100,9.12,9.609975870566728,-0.1752462685408513,-0.0592009457654167,36
2024-10-06,9.0,9.48,9.0,9.12,10.6,9.48,102200,9.48,9.58997958278723,-0.1726335089790467,-0.0818874584081427,36
2024-10-07,9.3,9.47,9.0,9.48,10.6,9.47,9550,9.47,9.571521185435348,-0.169416862496389,-0.099393339225792,36
2024-10-08,9.47,9.65,9.14,9.47,10.6,9.41,11300,9.41,9.546671772291448,-0.1697523461638646,-0.1134651406134065,36
2024-10-09,9.25,9.25,9.25,9.41,10.6,9.25,200,9.25,9.501029961169683,-0.1808442225852324,-0.1269409570077717,36
2024-10-15,9.07,9.08,9.01,9.25,10.6,9.01,1300,9.01,9.425486890220505,-0.2066188354784959,-0.1428765327019165,36
2024-10-16,9.19,9.37,9.19,9.01,10.6,9.25,1800,9.25,9.398488907109655,-0.2053126907597882,-0.1553637643134908,36
2024-10-17,9.43,9.61,9.42,9.25,10.6,9.6,1400,9.6,9.42949061370817,-0.1740293843190912,-0.1590968883146109,36
2024-10-20,9.43,9.79,9.15,9.6,10.6,9.79,2700,9.79,9.484953596214606,-0.1323797352921172,-0.1537534577101122,36
2024-09-18,10.0,10.1,9.9,10.0,10.6,10.1,2300,10.1,10.116281117870644,0.0770967504255892,0.1239402202641751,37
2024-09-22,10.0,10.09,9.71,10.1,10.6,9.81,11175,9.81,10.069160945890545,0.0469531982562347,0.108542815862587,37
2024-09-23,9.63,10.0,9.44,9.81,10.6,10.0,2500,10.0,10.058520800368925,0.0379580710778952,0.0944258669056487,37
2024-09-24,10.0,10.18,9.48,10.0,10.6,10.18,72500,10.18,10.077209908004471,0.0448370105127811,0.0845080956270752,37
2024-09-25,10.37,10.37,9.66,10.18,10.6,9.66,126500,9.66,10.013023768311475,0.0082340484117615,0.0692532861840124,37
2024-09-26,9.52,9.6,9.52,9.66,10.6,9.6,1800,9.6,9.94948165010971,-0.0253236460937298,0.050337899728464,37
2024-09-29,9.47,9.78,9.29,9.6,10.6,9.47,53500,9.47,9.875715242400524,-0.0616970688989582,0.0279309060029795,37
2024-09-30,9.47,9.47,9.0,9.47,10.6,9.01,9200,9.01,9.742528282031213,-0.1261868210238645,-0.0028926394023892,37
2024-10-01,8.84,9.46,8.84,9.01,10.6,9.46,3400,9.46,9.69906239248795,-0.1393775177482332,-0.030189615071558,37
2024-10-02,9.28,9.28,9.1,9.46,10.6,9.12,11100,9.12,9.609975870566728,-0.1752462685408513,-0.0592009457654167,37
2024-10-06,9.0,9.48,9.0,9.12,10.6,9.48,102200,9.48,9.58997958278723,-0.1726335089790467,-0.0818874584081427,37
2024-10-07,9.3,9.47,9.0,9.48,10.6,9.47,9550,9.47,9.571521185435348,-0.169416862496389,-0.099393339225792,37
2024-10-08,9.47,9.65,9.14,9.47,10.6,9.41,11300,9.41,9.546671772291448,-0.1697523461638646,-0.1134651406134065,37
2024-10-09,9.25,9.25,9.25,9.41,10.6,9.25,200,9.25,9.501029961169683,-0.1808442225852324,-0.1269409570077717,37
2024-10-15,9.07,9.08,9.01,9.25,10.6,9.01,1300,9.01,9.425486890220505,-0.2066188354784959,-0.1428765327019165,37
2024-10-16,9.19,9.37,9.19,9.01,10.6,9.25,1800,9.25,9.398488907109655,-0.2053126907597882,-0.1553637643134908,37
2024-10-17,9.43,9.61,9.42,9.25,10.6,9.6,1400,9.6,9.42949061370817,-0.1740293843190912,-0.1590968883146109,37
2024-10-20,9.43,9.79,9.15,9.6,10.6,9.79,2700,9.79,9.484953596214606,-0.1323797352921172,-0.1537534577101122,37
2024-10-21,9.98,10.17,9.23,9.79,10.6,9.97,700,9.97,9.559576119873896,-0.0838806685582529,-0.1397788998797403,37
2024-10-22,10.1,10.1,9.32,9.97,10.6,9.59,20450,9.59,9.564256716816375,-0.0752403095096898,-0.1268711818057302,37
2024-10-15,9.07,9.08,9.01,9.25,10.6,9.01,1300,9.01,9.425486890220505,-0.2066188354784959,-0.1428765327019165,38
2024-10-16,9.19,9.37,9.19,9.01,10.6,9.25,1800,9.25,9.398488907109655,-0.2053126907597882,-0.1553637643134908,38
2024-10-17,9.43,9.61,9.42,9.25,10.6,9.6,1400,9.6,9.42949061370817,-0.1740293843190912,-0.1590968883146109,38
2024-10-20,9.43,9.79,9.15,9.6,10.6,9.79,2700,9.79,9.484953596214606,-0.1323797352921172,-0.1537534577101122,38
2024-10-21,9.98,10.17,9.23,9.79,10.6,9.97,700,9.97,9.559576119873896,-0.0838806685582529,-0.1397788998797403,38
2024-10-22,10.1,10.1,9.32,9.97,10.6,9.59,20450,9.59,9.564256716816375,-0.0752403095096898,-0.1268711818057302,38
2024-10-23,9.74,9.74,9.5,9.59,10.6,9.69,22010,9.69,9.583601837306164,-0.0596361500327855,-0.1134241754511413,38
2024-10-24,9.51,9.51,9.14,9.69,10.6,9.32,900,9.32,9.543047708489832,-0.0762467242314173,-0.1059886852071965,38
2024-10-27,9.32,9.32,9.16,9.32,10.6,9.17,1600,9.17,9.48565575333755,-0.100357610293237,-0.1048624702244046,38
2024-10-28,9.25,9.3,9.2,9.17,10.6,9.3,3600,9.3,9.457093329747158,-0.1077338587998664,-0.105436747939497,38
2024-10-29,9.3,9.3,9.2,9.3,10.6,9.26,2930,9.26,9.426771279016826,-0.115476117785974,-0.1074446219087924,38
2024-10-30,9.28,9.46,9.28,9.26,10.6,9.46,1100,9.46,9.431883389937314,-0.1042716071023175,-0.1068100189474974,38
2024-11-05,9.28,9.64,9.11,9.46,10.6,9.64,5716,9.64,9.46390132994696,-0.0799458895341818,-0.1014371930648343,38
2024-11-06,9.45,9.45,9.28,9.64,10.6,9.3,1500,9.3,9.438685740724347,-0.0870987217581884,-0.0985694988035051,38
2024-11-10,9.3,9.66,9.3,9.3,10.6,9.65,32700,9.65,9.471195626766756,-0.063789986643,-0.0916135963714041,38
2024-11-11,9.46,9.84,9.45,9.65,10.6,9.84,3700,9.84,9.527934761110334,-0.0296445105653671,-0.0792197792101967,38
2024-11-12,9.65,9.9,9.65,9.84,10.6,9.72,61400,9.72,9.557483259401051,-0.0121271773357101,-0.0658012588352994,38
2024-11-13,9.91,10.1,9.91,9.72,10.6,10.0,317907,10.0,9.625562757954736,0.0240716128281057,-0.0478266845026183,38
2024-11-14,10.0,10.32,9.8,10.0,10.6,10.32,629350,10.32,9.73239925673093,0.077685233465532,-0.0227243009089883,38
2024-11-17,10.35,10.5,9.8,10.32,10.6,9.8,127600,9.8,9.742799371080018,0.0773234236120554,-0.0027147560047795,38
2024-10-20,9.43,9.79,9.15,9.6,10.6,9.79,2700,9.79,9.484953596214606,-0.1323797352921172,-0.1537534577101122,39
2024-10-21,9.98,10.17,9.23,9.79,10.6,9.97,700,9.97,9.559576119873896,-0.0838806685582529,-0.1397788998797403,39
2024-10-22,10.1,10.1,9.32,9.97,10.6,9.59,20450,9.59,9.564256716816375,-0.0752403095096898,-0.1268711818057302,39
2024-10-23,9.74,9.74,9.5,9.59,10.6,9.69,22010,9.69,9.583601837306164,-0.0596361500327855,-0.1134241754511413,39
2024-10-24,9.51,9.51,9.14,9.69,10.6,9.32,900,9.32,9.543047708489832,-0.0762467242314173,-0.1059886852071965,39
2024-10-27,9.32,9.32,9.16,9.32,10.6,9.17,1600,9.17,9.48565575333755,-0.100357610293237,-0.1048624702244046,39
2024-10-28,9.25,9.3,9.2,9.17,10.6,9.3,3600,9.3,9.457093329747158,-0.1077338587998664,-0.105436747939497,39
2024-10-29,9.3,9.3,9.2,9.3,10.6,9.26,2930,9.26,9.426771279016826,-0.115476117785974,-0.1074446219087924,39
2024-10-30,9.28,9.46,9.28,9.26,10.6,9.46,1100,9.46,9.431883389937314,-0.1042716071023175,-0.1068100189474974,39
2024-11-05,9.28,9.64,9.11,9.46,10.6,9.64,5716,9.64,9.46390132994696,-0.0799458895341818,-0.1014371930648343,39
2024-11-06,9.45,9.45,9.28,9.64,10.6,9.3,1500,9.3,9.438685740724347,-0.0870987217581884,-0.0985694988035051,39
2024-11-10,9.3,9.66,9.3,9.3,10.6,9.65,32700,9.65,9.471195626766756,-0.063789986643,-0.0916135963714041,39
2024-11-11,9.46,9.84,9.45,9.65,10.6,9.84,3700,9.84,9.527934761110334,-0.0296445105653671,-0.0792197792101967,39
2024-11-12,9.65,9.9,9.65,9.84,10.6,9.72,61400,9.72,9.557483259401051,-0.0121271773357101,-0.0658012588352994,39
2024-11-13,9.91,10.1,9.91,9.72,10.6,10.0,317907,10.0,9.625562757954736,0.0240716128281057,-0.0478266845026183,39
2024-11-14,10.0,10.32,9.8,10.0,10.6,10.32,629350,10.32,9.73239925673093,0.077685233465532,-0.0227243009089883,39
2024-11-17,10.35,10.5,9.8,10.32,10.6,9.8,127600,9.8,9.742799371080018,0.0773234236120554,-0.0027147560047795,39
2024-11-19,9.8,10.25,9.8,9.8,10.6,9.98,5150,9.98,9.779291775529243,0.0905177500959464,0.0159317452153656,39
2024-11-20,9.79,9.9,9.79,9.98,10.6,9.9,11550,9.9,9.79786227160167,0.0934418776819487,0.0314337717086822,39
2024-11-21,9.8,9.8,9.62,9.9,10.6,9.68,1750,9.68,9.77972961443218,0.0771181385805874,0.0405706450830633,39
2024-10-21,9.98,10.17,9.23,9.79,10.6,9.97,700,9.97,9.559576119873896,-0.0838806685582529,-0.1397788998797403,40
2024-10-22,10.1,10.1,9.32,9.97,10.6,9.59,20450,9.59,9.564256716816375,-0.0752403095096898,-0.1268711818057302,40
2024-10-23,9.74,9.74,9.5,9.59,10.6,9.69,22010,9.69,9.583601837306164,-0.0596361500327855,-0.1134241754511413,40
2024-10-24,9.51,9.51,9.14,9.69,10.6,9.32,900,9.32,9.543047708489832,-0.0762467242314173,-0.1059886852071965,40
2024-10-27,9.32,9.32,9.16,9.32,10.6,9.17,1600,9.17,9.48565575333755,-0.100357610293237,-0.1048624702244046,40
2024-10-28,9.25,9.3,9.2,9.17,10.6,9.3,3600,9.3,9.457093329747158,-0.1077338587998664,-0.105436747939497,40
2024-10-29,9.3,9.3,9.2,9.3,10.6,9.26,2930,9.26,9.426771279016826,-0.115476117785974,-0.1074446219087924,40
2024-10-30,9.28,9.46,9.28,9.26,10.6,9.46,1100,9.46,9.431883389937314,-0.1042716071023175,-0.1068100189474974,40
2024-11-05,9.28,9.64,9.11,9.46,10.6,9.64,5716,9.64,9.46390132994696,-0.0799458895341818,-0.1014371930648343,40
2024-11-06,9.45,9.45,9.28,9.64,10.6,9.3,1500,9.3,9.438685740724347,-0.0870987217581884,-0.0985694988035051,40
2024-11-10,9.3,9.66,9.3,9.3,10.6,9.65,32700,9.65,9.471195626766756,-0.063789986643,-0.0916135963714041,40
2024-11-11,9.46,9.84,9.45,9.65,10.6,9.84,3700,9.84,9.527934761110334,-0.0296445105653671,-0.0792197792101967,40
2024-11-12,9.65,9.9,9.65,9.84,10.6,9.72,61400,9.72,9.557483259401051,-0.0121271773357101,-0.0658012588352994,40
2024-11-13,9.91,10.1,9.91,9.72,10.6,10.0,317907,10.0,9.625562757954736,0.0240716128281057,-0.0478266845026183,40
2024-11-14,10.0,10.32,9.8,10.0,10.6,10.32,629350,10.32,9.73239925673093,0.077685233465532,-0.0227243009089883,40
2024-11-17,10.35,10.5,9.8,10.32,10.6,9.8,127600,9.8,9.742799371080018,0.0773234236120554,-0.0027147560047795,40
2024-11-19,9.8,10.25,9.8,9.8,10.6,9.98,5150,9.98,9.779291775529243,0.0905177500959464,0.0159317452153656,40
2024-11-20,9.79,9.9,9.79,9.98,10.6,9.9,11550,9.9,9.79786227160167,0.0934418776819487,0.0314337717086822,40
2024-11-21,9.8,9.8,9.62,9.9,10.6,9.68,1750,9.68,9.77972961443218,0.0771181385805874,0.0405706450830633,40
2024-11-24,9.65,9.76,9.65,9.68,10.6,9.76,5900,9.76,9.77669428913492,0.0698318114945557,0.0464228783653618,40
2024-12-10,9.96,10.1,9.96,10.06,10.6,10.1,6400,10.1,10.061489886000857,0.1237867127024738,0.1187814378459035,41
2024-12-11,9.92,10.1,9.92,10.1,10.6,10.01,2500,10.01,10.053568365077648,0.1105098712828507,0.117127124533293,41
2024-12-12,9.96,10.21,9.96,10.01,10.6,10.04,11100,10.04,10.051480924296472,0.1012415781901783,0.1139500152646701,41
2024-12-16,9.9,10.13,9.9,10.04,10.6,10.13,1900,10.13,10.063560782097014,0.1000058319985921,0.1111611786114545,41
2024-12-17,10.0,10.2,10.0,10.13,10.6,10.03,11950,10.03,10.05839758485132,0.0899207792046326,0.1069130987300901,41
2024-12-18,9.9,10.14,9.9,10.03,10.6,10.14,1200,10.14,10.0709518025665,0.0897695751158664,0.1034843940072454,41
2024-12-19,10.05,10.1,9.91,10.14,10.6,10.1,13710,10.1,10.075420756017808,0.0854372120820343,0.0998749576222032,41
2024-12-22,9.9,9.99,9.8,10.1,10.6,9.99,3200,9.99,10.06227910124584,0.0722943383423437,0.0943588337662313,41
2024-12-23,9.8,9.99,9.8,9.99,10.6,9.8,3600,9.8,10.02192847028494,0.046016652781704,0.0846903975693258,41
2024-12-24,9.7,9.99,9.7,9.8,10.6,9.99,2400,9.99,10.017016397933412,0.0400610113563413,0.0757645203267289,41
2024-12-26,10.01,10.07,9.87,9.99,10.6,10.07,156750,10.07,10.025167721328271,0.0413201411643164,0.0688756444942464,41
2024-12-29,9.88,9.91,9.88,10.07,10.6,9.91,11000,9.91,10.00744961035469,0.0290722213139904,0.0609149598581952,41
2024-12-31,9.9,10.0,9.67,9.91,10.6,9.99,15260,9.99,10.004765054915508,0.0255267317296734,0.0538373142324909,41
2025-01-01,9.8,9.98,9.7,9.99,10.6,9.98,3400,9.98,10.000955046466968,0.0216603027763788,0.0474019119412685,41
2025-01-02,9.79,9.99,9.6,9.98,10.6,9.99,1550,9.99,9.999269654702818,0.0191819290633841,0.0417579153656916,41
2025-01-05,9.8,10.15,9.63,9.99,10.6,10.14,23600,10.14,10.020920477056231,0.0289873977604582,0.0392038118446449,41
2025-01-06,9.94,9.94,9.82,10.14,10.6,9.84,1900,9.84,9.99308655750912,0.0124077803834037,0.0338446055523967,41
2025-01-07,9.84,10.02,9.8,9.84,10.6,9.98,12150,9.98,9.991073240969255,0.0104447436306287,0.0291646331680431,41
2025-01-08,9.8,10.05,9.8,9.98,10.6,10.05,96100,10.05,10.000138896204756,0.0143717690393589,0.0262060603423062,41
2025-01-09,9.85,10.04,9.85,10.05,10.6,10.03,145400,10.03,10.004732912173251,0.015689275908997,0.0241027034556444,41
2024-12-11,9.92,10.1,9.92,10.1,10.6,10.01,2500,10.01,10.053568365077648,0.1105098712828507,0.117127124533293,42
2024-12-12,9.96,10.21,9.96,10.01,10.6,10.04,11100,10.04,10.051480924296472,0.1012415781901783,0.1139500152646701,42
2024-12-16,9.9,10.13,9.9,10.04,10.6,10.13,1900,10.13,10.063560782097014,0.1000058319985921,0.1111611786114545,42
2024-12-17,10.0,10.2,10.0,10.13,10.6,10.03,11950,10.03,10.05839758485132,0.0899207792046326,0.1069130987300901,42
2024-12-18,9.9,10.14,9.9,10.03,10.6,10.14,1200,10.14,10.0709518025665,0.0897695751158664,0.1034843940072454,42
2024-12-19,10.05,10.1,9.91,10.14,10.6,10.1,13710,10.1,10.075420756017808,0.0854372120820343,0.0998749576222032,42
2024-12-22,9.9,9.99,9.8,10.1,10.6,9.99,3200,9.99,10.06227910124584,0.0722943383423437,0.0943588337662313,42
2024-12-23,9.8,9.99,9.8,9.99,10.6,9.8,3600,9.8,10.02192847028494,0.046016652781704,0.0846903975693258,42
2024-12-24,9.7,9.99,9.7,9.8,10.6,9.99,2400,9.99,10.017016397933412,0.0400610113563413,0.0757645203267289,42
2024-12-26,10.01,10.07,9.87,9.99,10.6,10.07,156750,10.07,10.025167721328271,0.0413201411643164,0.0688756444942464,42
2024-12-29,9.88,9.91,9.88,10.07,10.6,9.91,11000,9.91,10.00744961035469,0.0290722213139904,0.0609149598581952,42
2024-12-31,9.9,10.0,9.67,9.91,10.6,9.99,15260,9.99,10.004765054915508,0.0255267317296734,0.0538373142324909,42
2025-01-01,9.8,9.98,9.7,9.99,10.6,9.98,3400,9.98,10.000955046466968,0.0216603027763788,0.0474019119412685,42
2025-01-02,9.79,9.99,9.6,9.98,10.6,9.99,1550,9.99,9.999269654702818,0.0191819290633841,0.0417579153656916,42
2025-01-05,9.8,10.15,9.63,9.99,10.6,10.14,23600,10.14,10.020920477056231,0.0289873977604582,0.0392038118446449,42
2025-01-06,9.94,9.94,9.82,10.14,10.6,9.84,1900,9.84,9.99308655750912,0.0124077803834037,0.0338446055523967,42
2025-01-07,9.84,10.02,9.8,9.84,10.6,9.98,12150,9.98,9.991073240969255,0.0104447436306287,0.0291646331680431,42
2025-01-08,9.8,10.05,9.8,9.98,10.6,10.05,96100,10.05,10.000138896204756,0.0143717690393589,0.0262060603423062,42
2025-01-09,9.85,10.04,9.85,10.05,10.6,10.03,145400,10.03,10.004732912173251,0.015689275908997,0.0241027034556444,42
2025-01-12,10.1,10.1,9.66,10.03,10.6,9.66,100500,9.66,9.951697079531211,-0.0129729540468019,0.0166875719551551,42
2024-12-24,9.7,9.99,9.7,9.8,10.6,9.99,2400,9.99,10.017016397933412,0.0400610113563413,0.0757645203267289,43
2024-12-26,10.01,10.07,9.87,9.99,10.6,10.07,156750,10.07,10.025167721328271,0.0413201411643164,0.0688756444942464,43
2024-12-29,9.88,9.91,9.88,10.07,10.6,9.91,11000,9.91,10.00744961035469,0.0290722213139904,0.0609149598581952,43
2024-12-31,9.9,10.0,9.67,9.91,10.6,9.99,15260,9.99,10.004765054915508,0.0255267317296734,0.0538373142324909,43
2025-01-01,9.8,9.98,9.7,9.99,10.6,9.98,3400,9.98,10.000955046466968,0.0216603027763788,0.0474019119412685,43
2025-01-02,9.79,9.99,9.6,9.98,10.6,9.99,1550,9.99,9.999269654702818,0.0191819290633841,0.0417579153656916,43
2025-01-05,9.8,10.15,9.63,9.99,10.6,10.14,23600,10.14,10.020920477056231,0.0289873977604582,0.0392038118446449,43
2025-01-06,9.94,9.94,9.82,10.14,10.6,9.84,1900,9.84,9.99308655750912,0.0124077803834037,0.0338446055523967,43
2025-01-07,9.84,10.02,9.8,9.84,10.6,9.98,12150,9.98,9.991073240969255,0.0104447436306287,0.0291646331680431,43
2025-01-08,9.8,10.05,9.8,9.98,10.6,10.05,96100,10.05,10.000138896204756,0.0143717690393589,0.0262060603423062,43
2025-01-09,9.85,10.04,9.85,10.05,10.6,10.03,145400,10.03,10.004732912173251,0.015689275908997,0.0241027034556444,43
2025-01-12,10.1,10.1,9.66,10.03,10.6,9.66,100500,9.66,9.951697079531211,-0.0129729540468019,0.0166875719551551,43
2025-01-13,9.5,9.84,9.5,9.66,10.6,9.8,4220,9.8,9.92835906729564,-0.0241131860173364,0.0085274203606568,43
2025-01-15,9.65,9.85,9.65,9.8,10.6,9.69,2028,9.69,9.891688441557852,-0.0413414226208317,-0.0014463482356408,43
2025-01-16,9.69,10.03,9.69,9.69,10.6,9.82,2650,9.82,9.880659450548952,-0.0439978310979771,-0.0099566448081081,43
2025-01-19,10.0,10.01,9.69,9.82,10.6,9.69,12800,9.69,9.851327227387577,-0.0559480333966195,-0.0191549225258104,43
2025-01-20,9.51,10.06,9.51,9.69,10.6,9.97,13700,9.97,9.869584577020255,-0.0423369607428867,-0.0237913301692256,43
2025-01-21,9.78,9.82,9.6,9.97,10.6,9.68,5200,9.68,9.840417719017138,-0.0543244455783646,-0.0298979532510534,43
2025-01-22,9.68,9.8,9.55,9.68,10.6,9.8,2600,9.8,9.834199608399116,-0.0535246180782014,-0.034623286216483,43
2025-01-23,9.9,10.05,9.6,9.8,10.6,9.7,379550,9.7,9.813553514799253,-0.0602652134204877,-0.039751671657284,43
2024-12-31,9.9,10.0,9.67,9.91,10.6,9.99,15260,9.99,10.004765054915508,0.0255267317296734,0.0538373142324909,44
2025-01-01,9.8,9.98,9.7,9.99,10.6,9.98,3400,9.98,10.000955046466968,0.0216603027763788,0.0474019119412685,44
2025-01-02,9.79,9.99,9.6,9.98,10.6,9.99,1550,9.99,9.999269654702818,0.0191819290633841,0.0417579153656916,44
2025-01-05,9.8,10.15,9.63,9.99,10.6,10.14,23600,10.14,10.020920477056231,0.0289873977604582,0.0392038118446449,44
2025-01-06,9.94,9.94,9.82,10.14,10.6,9.84,1900,9.84,9.99308655750912,0.0124077803834037,0.0338446055523967,44
2025-01-07,9.84,10.02,9.8,9.84,10.6,9.98,12150,9.98,9.991073240969255,0.0104447436306287,0.0291646331680431,44
2025-01-08,9.8,10.05,9.8,9.98,10.6,10.05,96100,10.05,10.000138896204756,0.0143717690393589,0.0262060603423062,44
2025-01-09,9.85,10.04,9.85,10.05,10.6,10.03,145400,10.03,10.004732912173251,0.015689275908997,0.0241027034556444,44
2025-01-12,10.1,10.1,9.66,10.03,10.6,9.66,100500,9.66,9.951697079531211,-0.0129729540468019,0.0166875719551551,44
2025-01-13,9.5,9.84,9.5,9.66,10.6,9.8,4220,9.8,9.92835906729564,-0.0241131860173364,0.0085274203606568,44
2025-01-15,9.65,9.85,9.65,9.8,10.6,9.69,2028,9.69,9.891688441557852,-0.0413414226208317,-0.0014463482356408,44
2025-01-16,9.69,10.03,9.69,9.69,10.6,9.82,2650,9.82,9.880659450548952,-0.0439978310979771,-0.0099566448081081,44
2025-01-19,10.0,10.01,9.69,9.82,10.6,9.69,12800,9.69,9.851327227387577,-0.0559480333966195,-0.0191549225258104,44
2025-01-20,9.51,10.06,9.51,9.69,10.6,9.97,13700,9.97,9.869584577020255,-0.0423369607428867,-0.0237913301692256,44
2025-01-21,9.78,9.82,9.6,9.97,10.6,9.68,5200,9.68,9.840417719017138,-0.0543244455783646,-0.0298979532510534,44
2025-01-22,9.68,9.8,9.55,9.68,10.6,9.8,2600,9.8,9.834199608399116,-0.0535246180782014,-0.034623286216483,44
2025-01-23,9.9,10.05,9.6,9.8,10.6,9.7,379550,9.7,9.813553514799253,-0.0602652134204877,-0.039751671657284,44
2025-01-26,9.57,9.7,9.57,9.7,10.6,9.7,900,9.7,9.796083743291671,-0.0648595235784554,-0.0447732420415183,44
2025-01-27,9.56,9.89,9.55,9.7,10.6,9.89,2000,9.89,9.810532398169878,-0.0525632193024634,-0.0463312374937073,44
2025-01-28,9.7,10.05,9.51,9.89,10.6,10.05,12290,10.05,9.847373567682205,-0.029566818866261,-0.042978353768218,44
